coarse_data_modality	granular_data_modality	diseases_included	sample_size	publication_urls[0]	publication_urls[1]	publication_urls[2]	publication_urls[3]	dataset_urls[0]	source_url_for_metadata	access_mode	source_section	download_link	citation_type	accession_id	data_repository	new_corpus.https://dian.wustl.edu/our-research/publications/[0]	new_corpus.https://dian.wustl.edu/our-research/publications/[1]	new_corpus.https://dian.wustl.edu/our-research/publications/[2]	new_corpus.https://dian.wustl.edu/our-research/publications/[3]	new_corpus.https://dian.wustl.edu/our-research/publications/[4]	new_corpus.https://dian.wustl.edu/category/publications/[0]	new_corpus.https://dian.wustl.edu/category/publications/[1]	paper_with_dataset_citation	rationale	new_corpus.https://www.kuakini.org/wps/portal/kuakini-research/publications[0]	new_corpus.https://www.kuakini.org/wps/portal/kuakini-research/publications[1]	new_corpus.https://www.kuakini.org/wps/portal/kuakini-research/publications[2]	new_corpus.https://www.kuakini.org/wps/portal/kuakini-research/publications[3]	new_corpus.https://www.kuakini.org/wps/portal/kuakini-research/publications[4]	new_corpus.https://www.kuakini.org/wps/portal/kuakini-research/publications[5]	new_corpus.https://www.kuakini.org/wps/portal/kuakini-research/publications[6]	new_corpus.https://www.kuakini.org/wps/portal/kuakini-research/publications[7]	new_corpus.https://www.abdn.ac.uk/iahs/academic/urology/our-research/publications[0]	new_corpus.https://www.abdn.ac.uk/iahs/academic/urology/our-research/publications[1]	new_corpus.https://www.abdn.ac.uk/iahs/academic/urology/our-research/publications[2]	new_corpus.https://www.abdn.ac.uk/iahs/academic/perg/publications[0]	new_corpus.https://www.abdn.ac.uk/iahs/academic/perg/publications[1]	new_corpus.https://www.abdn.ac.uk/iahs/academic/perg/publications[2]	new_corpus.https://www.abdn.ac.uk/iahs/academic/perg/publications[3]	new_corpus.https://www.abdn.ac.uk/iahs/academic/perg/publications[4]	new_corpus.https://www.abdn.ac.uk/iahs/academic/perg/publications[5]	new_corpus.https://www.abdn.ac.uk/iahs/academic/perg/publications[6]	new_corpus.https://www.abdn.ac.uk/iahs/academic/perg/publications[7]	dataset_urls[1]	dataset_urls[2]	publication_urls[4]	publication_urls[5]	publication_urls[6]	publication_urls[7]	publication_urls[8]	publication_urls[9]	publication_urls[10]	publication_urls[11]	publication_urls[12]	publication_urls[13]	publication_urls[14]	publication_urls[15]	publication_urls[16]	publication_urls[17]	publication_urls[18]	new_corpus.https://medicine.yale.edu/adams-center-parkinsons-disease-research/news/publications[0]	new_corpus.https://medicine.yale.edu/adams-center-parkinsons-disease-research/news/publications[1]	new_corpus.https://medicine.yale.edu/adams-center-parkinsons-disease-research/news/publications[2]	new_corpus.https://medicine.yale.edu/adams-center-parkinsons-disease-research/news/publications[3]	new_corpus.https://medicine.yale.edu/adams-center-parkinsons-disease-research/news/publications[4]	new_corpus.https://medicine.yale.edu/adams-center-parkinsons-disease-research/news/publications[5]	new_corpus.https://medicine.yale.edu/adams-center-parkinsons-disease-research/news/publications[6]	new_corpus.https://medicine.yale.edu/adams-center-parkinsons-disease-research/news/publications[7]	new_corpus.https://medicine.yale.edu/adams-center-parkinsons-disease-research/news/publications[8]	new_corpus.https://medicine.yale.edu/adams-center-parkinsons-disease-research/news/publications[9]	new_corpus.https://medicine.yale.edu/adams-center-parkinsons-disease-research/news/publications[10]	new_corpus.https://medicine.yale.edu/adams-center-parkinsons-disease-research/news/publications[11]	new_corpus.https://medicine.yale.edu/adams-center-parkinsons-disease-research/news/publications[12]	new_corpus.https://medicine.yale.edu/adams-center-parkinsons-disease-research/news/publications[13]	new_corpus.https://medicine.yale.edu/adams-center-parkinsons-disease-research/news/publications[14]	new_corpus.https://medicine.yale.edu/adams-center-parkinsons-disease-research/news/publications[15]	new_corpus.https://medicine.yale.edu/adams-center-parkinsons-disease-research/news/publications[16]	new_corpus.https://medicine.yale.edu/adams-center-parkinsons-disease-research/news/publications[17]	new_corpus.https://medicine.yale.edu/adams-center-parkinsons-disease-research/news/publications[18]	new_corpus.https://medicine.yale.edu/adams-center-parkinsons-disease-research/news/publications[19]	new_corpus.https://medicine.yale.edu/adams-center-parkinsons-disease-research/news/publications[20]	new_corpus.https://medicine.yale.edu/adams-center-parkinsons-disease-research/news/publications[21]	new_corpus.https://medicine.yale.edu/adams-center-parkinsons-disease-research/news/publications[22]	new_corpus.https://medicine.yale.edu/adams-center-parkinsons-disease-research/news/publications[23]	new_corpus.https://medicine.yale.edu/adams-center-parkinsons-disease-research/news/publications[24]	new_corpus.https://medicine.yale.edu/adams-center-parkinsons-disease-research/news/publications[25]	new_corpus.https://medicine.yale.edu/adams-center-parkinsons-disease-research/news/publications[26]	new_corpus.https://medicine.yale.edu/adams-center-parkinsons-disease-research/news/publications[27]	new_corpus.https://medicine.yale.edu/adams-center-parkinsons-disease-research/news/publications[28]	new_corpus.https://medicine.yale.edu/adams-center-parkinsons-disease-research/news/publications[29]	new_corpus.https://medicine.yale.edu/adams-center-parkinsons-disease-research/news/publications[30]	new_corpus.https://medicine.yale.edu/adams-center-parkinsons-disease-research/news/publications[31]	new_corpus.https://medicine.yale.edu/adams-center-parkinsons-disease-research/news/publications[32]	new_corpus.https://medicine.yale.edu/adams-center-parkinsons-disease-research/news/publications[33]	new_corpus.https://medicine.yale.edu/adams-center-parkinsons-disease-research/news/publications[34]	new_corpus.https://medicine.yale.edu/adams-center-parkinsons-disease-research/news/publications[35]	new_corpus.https://medicine.yale.edu/adams-center-parkinsons-disease-research/news/publications[36]	new_corpus.https://medicine.yale.edu/adams-center-parkinsons-disease-research/news/publications[37]	new_corpus.https://medicine.yale.edu/adams-center-parkinsons-disease-research/news/publications[38]	new_corpus.https://medicine.yale.edu/adams-center-parkinsons-disease-research/news/publications[39]	new_corpus.https://medicine.yale.edu/adams-center-parkinsons-disease-research/news/publications[40]	new_corpus.https://medicine.yale.edu/adams-center-parkinsons-disease-research/news/publications[41]	new_corpus.https://medicine.yale.edu/adams-center-parkinsons-disease-research/news/publications[42]	new_corpus.https://medicine.yale.edu/adams-center-parkinsons-disease-research/news/publications[43]	new_corpus.https://medicine.yale.edu/adams-center-parkinsons-disease-research/news/publications[44]	new_corpus.https://medicine.yale.edu/adams-center-parkinsons-disease-research/news/publications[45]	new_corpus.https://medicine.yale.edu/adams-center-parkinsons-disease-research/news/publications[46]	new_corpus.https://medicine.yale.edu/adams-center-parkinsons-disease-research/news/publications[47]	new_corpus.https://medicine.yale.edu/adams-center-parkinsons-disease-research/news/publications[48]	new_corpus.https://medicine.yale.edu/adams-center-parkinsons-disease-research/news/publications[49]	new_corpus.https://medicine.yale.edu/adams-center-parkinsons-disease-research/news/publications[50]	new_corpus.https://medicine.yale.edu/adams-center-parkinsons-disease-research/news/publications[51]	new_corpus.https://medicine.yale.edu/adams-center-parkinsons-disease-research/news/publications[52]	new_corpus.https://medicine.yale.edu/adams-center-parkinsons-disease-research/news/publications[53]	new_corpus.https://medicine.yale.edu/adams-center-parkinsons-disease-research/news/publications[54]	new_corpus.https://medicine.yale.edu/adams-center-parkinsons-disease-research/news/publications[55]	new_corpus.https://medicine.yale.edu/adams-center-parkinsons-disease-research/news/publications[56]	new_corpus.https://medicine.yale.edu/adams-center-parkinsons-disease-research/news/publications[57]	new_corpus.https://medicine.yale.edu/adams-center-parkinsons-disease-research/news/publications[58]	new_corpus.https://medicine.yale.edu/adams-center-parkinsons-disease-research/news/publications[59]	new_corpus.https://medicine.yale.edu/adams-center-parkinsons-disease-research/news/publications[60]	new_corpus.https://medicine.yale.edu/adams-center-parkinsons-disease-research/news/publications[61]	new_corpus.https://medicine.yale.edu/adams-center-parkinsons-disease-research/news/publications[62]	new_corpus.https://medicine.yale.edu/adams-center-parkinsons-disease-research/news/publications[63]	new_corpus.https://medicine.yale.edu/adams-center-parkinsons-disease-research/news/publications[64]	new_corpus.https://medicine.yale.edu/adams-center-parkinsons-disease-research/news/publications[65]	new_corpus.https://medicine.yale.edu/adams-center-parkinsons-disease-research/news/publications[66]	new_corpus.https://medicine.yale.edu/adams-center-parkinsons-disease-research/news/publications[67]	new_corpus.https://medicine.yale.edu/adams-center-parkinsons-disease-research/news/publications[68]	new_corpus.https://medicine.yale.edu/adams-center-parkinsons-disease-research/news/publications[69]	new_corpus.https://medicine.yale.edu/adams-center-parkinsons-disease-research/news/publications[70]	new_corpus.https://medicine.yale.edu/adams-center-parkinsons-disease-research/news/publications[71]	new_corpus.https://medicine.yale.edu/adams-center-parkinsons-disease-research/news/publications[72]	new_corpus.https://medicine.yale.edu/adams-center-parkinsons-disease-research/news/publications[73]	new_corpus.https://medicine.yale.edu/adams-center-parkinsons-disease-research/news/publications[74]	new_corpus.https://medicine.yale.edu/adams-center-parkinsons-disease-research/news/publications[75]	new_corpus.https://medicine.yale.edu/adams-center-parkinsons-disease-research/news/publications[76]	new_corpus.https://medicine.yale.edu/adams-center-parkinsons-disease-research/news/publications[77]	new_corpus.https://medicine.yale.edu/adams-center-parkinsons-disease-research/news/publications[78]	new_corpus.https://medicine.yale.edu/adams-center-parkinsons-disease-research/news/publications[79]	new_corpus.https://medicine.yale.edu/adams-center-parkinsons-disease-research/news/publications[80]	new_corpus.https://medicine.yale.edu/adams-center-parkinsons-disease-research/news/publications[81]	new_corpus.https://medicine.yale.edu/adams-center-parkinsons-disease-research/news/publications[82]	new_corpus.https://medicine.yale.edu/adams-center-parkinsons-disease-research/news/publications[83]	new_corpus.https://medicine.yale.edu/adams-center-parkinsons-disease-research/news/publications[84]	new_corpus.https://medicine.yale.edu/adams-center-parkinsons-disease-research/news/publications[85]	new_corpus.https://medicine.yale.edu/adams-center-parkinsons-disease-research/news/publications[86]	new_corpus.https://medicine.yale.edu/adams-center-parkinsons-disease-research/news/publications[87]	new_corpus.https://medicine.yale.edu/adams-center-parkinsons-disease-research/news/publications[88]	new_corpus.https://medicine.yale.edu/adams-center-parkinsons-disease-research/news/publications[89]	new_corpus.https://medicine.yale.edu/adams-center-parkinsons-disease-research/news/publications[90]	new_corpus.https://medicine.yale.edu/adams-center-parkinsons-disease-research/news/publications[91]	new_corpus.https://medicine.yale.edu/adams-center-parkinsons-disease-research/news/publications[92]	new_corpus.https://medicine.yale.edu/adams-center-parkinsons-disease-research/news/publications[93]	new_corpus.https://medicine.yale.edu/adams-center-parkinsons-disease-research/news/publications[94]	new_corpus.https://medicine.yale.edu/adams-center-parkinsons-disease-research/news/publications[95]	new_corpus.https://medicine.yale.edu/adams-center-parkinsons-disease-research/news/publications[96]	new_corpus.https://medicine.yale.edu/adams-center-parkinsons-disease-research/news/publications[97]	new_corpus.https://medicine.yale.edu/adams-center-parkinsons-disease-research/news/publications[98]	new_corpus.https://medicine.yale.edu/adams-center-parkinsons-disease-research/news/publications[99]	new_corpus.https://medicine.yale.edu/adams-center-parkinsons-disease-research/news/publications[100]	new_corpus.https://medicine.yale.edu/adams-center-parkinsons-disease-research/news/publications[101]	new_corpus.https://medicine.yale.edu/adams-center-parkinsons-disease-research/news/publications[102]	new_corpus.https://medicine.yale.edu/adams-center-parkinsons-disease-research/news/publications[103]	new_corpus.https://medicine.yale.edu/adams-center-parkinsons-disease-research/news/publications[104]	new_corpus.https://medicine.yale.edu/adams-center-parkinsons-disease-research/news/publications[105]	new_corpus.https://medicine.yale.edu/adams-center-parkinsons-disease-research/news/publications[106]	new_corpus.https://medicine.yale.edu/adams-center-parkinsons-disease-research/news/publications[107]	new_corpus.https://medicine.yale.edu/adams-center-parkinsons-disease-research/news/publications[108]	new_corpus.https://medicine.yale.edu/adams-center-parkinsons-disease-research/news/publications[109]	new_corpus.https://medicine.yale.edu/adams-center-parkinsons-disease-research/news/publications[110]	new_corpus.https://medicine.yale.edu/adams-center-parkinsons-disease-research/news/publications[111]	new_corpus.https://medicine.yale.edu/adams-center-parkinsons-disease-research/news/publications[112]	new_corpus.https://medicine.yale.edu/adams-center-parkinsons-disease-research/news/publications[113]	new_corpus.https://medicine.yale.edu/adams-center-parkinsons-disease-research/news/publications[114]	new_corpus.https://medicine.yale.edu/adams-center-parkinsons-disease-research/news/publications[115]	new_corpus.https://medicine.yale.edu/adams-center-parkinsons-disease-research/news/publications[116]	new_corpus.https://medicine.yale.edu/adams-center-parkinsons-disease-research/news/publications[117]	new_corpus.https://medicine.yale.edu/adams-center-parkinsons-disease-research/news/publications[118]	new_corpus.https://medicine.yale.edu/adams-center-parkinsons-disease-research/news/publications[119]	new_corpus.https://medicine.yale.edu/adams-center-parkinsons-disease-research/news/publications[120]	new_corpus.https://medicine.yale.edu/adams-center-parkinsons-disease-research/news/publications[121]	new_corpus.https://medicine.yale.edu/adams-center-parkinsons-disease-research/news/publications[122]	new_corpus.https://medicine.yale.edu/adams-center-parkinsons-disease-research/news/publications[123]	new_corpus.https://medicine.yale.edu/adams-center-parkinsons-disease-research/news/publications[124]	new_corpus.https://medicine.yale.edu/adams-center-parkinsons-disease-research/news/publications[125]	new_corpus.https://medicine.yale.edu/adams-center-parkinsons-disease-research/news/publications[126]	new_corpus.https://medicine.yale.edu/adams-center-parkinsons-disease-research/news/publications[127]	new_corpus.https://medicine.yale.edu/adams-center-parkinsons-disease-research/news/publications[128]	new_corpus.https://medicine.yale.edu/adams-center-parkinsons-disease-research/news/publications[129]	new_corpus.https://medicine.yale.edu/adams-center-parkinsons-disease-research/news/publications[130]	new_corpus.https://medicine.yale.edu/adams-center-parkinsons-disease-research/news/publications[131]	new_corpus.https://medicine.yale.edu/adams-center-parkinsons-disease-research/news/publications[132]	new_corpus.https://medicine.yale.edu/adams-center-parkinsons-disease-research/news/publications[133]	new_corpus.https://medicine.yale.edu/adams-center-parkinsons-disease-research/news/publications[134]	new_corpus.https://medicine.yale.edu/adams-center-parkinsons-disease-research/news/publications[135]	new_corpus.https://medicine.yale.edu/adams-center-parkinsons-disease-research/news/publications[136]	new_corpus.https://medicine.yale.edu/adams-center-parkinsons-disease-research/news/publications[137]	new_corpus.https://medicine.yale.edu/adams-center-parkinsons-disease-research/news/publications[138]	new_corpus.https://medicine.yale.edu/adams-center-parkinsons-disease-research/news/publications[139]	new_corpus.https://medicine.yale.edu/adams-center-parkinsons-disease-research/news/publications[140]	new_corpus.https://medicine.yale.edu/adams-center-parkinsons-disease-research/news/publications[141]	new_corpus.https://medicine.yale.edu/adams-center-parkinsons-disease-research/news/publications[142]	new_corpus.https://medicine.yale.edu/adams-center-parkinsons-disease-research/news/publications[143]	new_corpus.https://medicine.yale.edu/adams-center-parkinsons-disease-research/news/publications[144]	new_corpus.https://medicine.yale.edu/adams-center-parkinsons-disease-research/news/publications[145]	new_corpus.https://medicine.yale.edu/adams-center-parkinsons-disease-research/news/publications[146]	new_corpus.https://medicine.yale.edu/adams-center-parkinsons-disease-research/news/publications[147]	new_corpus.https://medicine.yale.edu/adams-center-parkinsons-disease-research/news/publications[148]	new_corpus.https://medicine.yale.edu/adams-center-parkinsons-disease-research/news/publications[149]	new_corpus.https://medicine.yale.edu/adams-center-parkinsons-disease-research/news/publications[150]	new_corpus.https://medicine.yale.edu/adams-center-parkinsons-disease-research/news/publications[151]	new_corpus.https://medicine.yale.edu/adams-center-parkinsons-disease-research/news/publications[152]	new_corpus.https://medicine.yale.edu/adams-center-parkinsons-disease-research/news/publications[153]	new_corpus.https://medicine.yale.edu/adams-center-parkinsons-disease-research/news/publications[154]	new_corpus.https://medicine.yale.edu/adams-center-parkinsons-disease-research/news/publications[155]	new_corpus.https://medicine.yale.edu/adams-center-parkinsons-disease-research/news/publications[156]	new_corpus.https://medicine.yale.edu/adams-center-parkinsons-disease-research/news/publications[157]	new_corpus.https://medicine.yale.edu/adams-center-parkinsons-disease-research/news/publications[158]	new_corpus.https://medicine.yale.edu/adams-center-parkinsons-disease-research/news/publications[159]	new_corpus.https://medicine.yale.edu/adams-center-parkinsons-disease-research/news/publications[160]	new_corpus.https://medicine.yale.edu/adams-center-parkinsons-disease-research/news/publications[161]	new_corpus.https://medicine.yale.edu/adams-center-parkinsons-disease-research/news/publications[162]	new_corpus.https://medicine.yale.edu/adams-center-parkinsons-disease-research/news/publications[163]	new_corpus.https://medicine.yale.edu/adams-center-parkinsons-disease-research/news/publications[164]	new_corpus.https://medicine.yale.edu/adams-center-parkinsons-disease-research/news/publications[165]	new_corpus.https://medicine.yale.edu/adams-center-parkinsons-disease-research/news/publications[166]	new_corpus.https://medicine.yale.edu/adams-center-parkinsons-disease-research/news/publications[167]	new_corpus.https://medicine.yale.edu/adams-center-parkinsons-disease-research/news/publications[168]	new_corpus.https://medicine.yale.edu/adams-center-parkinsons-disease-research/news/publications[169]	publication_urls[19]
Clinical, Genetics, Imaging, Proteomics	Clinical assessments, Cognitive testing, MRI, PET (FDG, PiB, Tau), CSF biomarkers, Plasma biomarkers, Genomics, Neuropathology	Familial Alzheimer's Disease, Autosomal Dominant Alzheimer's Disease, Presymptomatic Mutation Carriers, Normal Controls	673 participants (targeted up to 850)	https://pubmed.ncbi.nlm.nih.gov/41959774/	https://pubmed.ncbi.nlm.nih.gov/41964075/	https://pubmed.ncbi.nlm.nih.gov/41763013/	https://pubmed.ncbi.nlm.nih.gov/41709913/	https://dian.wustl.edu/for-investigators/dian-observational-study-investigator-resources/data-and-biospecimens-available-for-request/https:dian.wustl.edu/observational-study/description/https:dian.wustl.edu/observational-study/procedures/https:dian.wustl.edu/our-research/publications/https:dian.wustl.edu/for-investigators/dian-observational-study-investigator-resources/data-and-biospecimens-available-for-request/https:dian.wustl.edu/observational-study/description/https:dian.wustl.edu/observational-study/procedures/https:dian.wustl.edu/our-research/publications/https:dian.wustl.edu/for-investigators/dian-observational-study-investigator-resources/data-and-biospecimens-available-for-request/https:dian.wustl.edu/observational-study/description/https:dian.wustl.edu/observational-study/procedures/https:dian.wustl.edu/our-research/publications/https:dian.wustl.edu/for-investigators/dian-observational-study-investigator-resources/data-and-biospecimens-available-for-request/https:dian.wustl.edu/observational-study/description/https:dian.wustl.edu/observational-study/procedures/https:dian.wustl.edu/our-research/publications/https:dian.wustl.edu/for-investigators/dian-observational-study-investigator-resources/data-and-biospecimens-available-for-request/https:dian.wustl.edu/observational-study/description/https:dian.wustl.edu/observational-study/procedures/https:dian.wustl.edu/our-research/publications/https:dian.wustl.edu/for-investigators/dian-observational-study-investigator-resources/data-and-biospecimens-available-for-request/https:dian.wustl.edu/observational-study/description/https:dian.wustl.edu/observational-study/procedures/https:dian.wustl.edu/our-research/publications/https:dian.wustl.edu/for-investigators/dian-observational-study-investigator-resources/data-and-biospecimens-available-for-request/https:dian.wustl.edu/observational-study/description/https:dian.wustl.edu/observational-study/procedures/https:dian.wustl.edu/our-research/publications/https:dian.wustl.edu/for-investigators/dian-observational-study-investigator-resources/data-and-biospecimens-available-for-request/https:dian.wustl.edu/observational-study/description/https:dian.wustl.edu/observational-study/procedures/https:dian.wustl.edu/our-research/publications/https:dian.wustl.edu/for-investigators/dian-observational-study-investigator-resources/data-and-biospecimens-available-for-request/https:dian.wustl.edu/observational-study/description/https:dian.wustl.edu/observational-study/procedures/https:dian.wustl.edu/our-research/publications/https:dian.wustl.edu/for-investigators/dian-observational-study-investigator-resources/data-and-biospecimens-available-for-request/https:dian.wustl.edu/observational-study/description/https:dian.wustl.edu/observational-study/procedures/https:dian.wustl.edu/our-research/publications/https:dian.wustl.edu/for-investigators/dian-observational-study-investigator-resources/data-and-biospecimens-available-for-request/https:dian.wustl.edu/observational-study/description/https:dian.wustl.edu/observational-study/procedures/https:dian.wustl.edu/our-research/publications/https:dian.wustl.edu/for-investigators/dian-observational-study-investigator-resources/data-and-biospecimens-available-for-request/https:dian.wustl.edu/observational-study/description/https:dian.wustl.edu/observational-study/procedures/https:dian.wustl.edu/our-research/publications/https:dian.wustl.edu/for-investigators/dian-observational-study-investigator-resources/data-and-biospecimens-available-for-request/https:dian.wustl.edu/observational-study/description/https:dian.wustl.edu/observational-study/procedures/https:dian.wustl.edu/our-research/publications/https:dian.wustl.edu/for-investigators/dian-observational-study-investigator-resources/data-and-biospecimens-available-for-request/https:dian.wustl.edu/observational-study/description/https:dian.wustl.edu/observational-study/procedures/https:dian.wustl.edu/our-research/publications/https:dian.wustl.edu/for-investigators/dian-observational-study-investigator-resources/data-and-biospecimens-available-for-request/https:dian.wustl.edu/observational-study/description/https:dian.wustl.edu/observational-study/procedures/https:dian.wustl.edu/our-research/publications/https:dian.wustl.edu/for-investigators/dian-observational-study-investigator-resources/data-and-biospecimens-available-for-request/https:dian.wustl.edu/observational-study/description/https:dian.wustl.edu/observational-study/procedures/https:dian.wustl.edu/our-research/publications/https:dian.wustl.edu/for-investigators/dian-observational-study-investigator-resources/data-and-biospecimens-available-for-request/https:dian.wustl.edu/observational-study/description/https:dian.wustl.edu/observational-study/procedures/https:dian.wustl.edu/our-research/publications/https:dian.wustl.edu/for-investigators/dian-observational-study-investigator-resources/data-and-biospecimens-available-for-request/https:dian.wustl.edu/observational-study/description/https:dian.wustl.edu/observational-study/procedures/https:dian.wustl.edu/our-research/publications/https:dian.wustl.edu/for-investigators/dian-observational-study-investigator-resources/data-and-biospecimens-available-for-request/https:dian.wustl.edu/observational-study/description/https:dian.wustl.edu/observational-study/procedures/https:dian.wustl.edu/our-research/publications/https:dian.wustl.edu/for-investigators	https://dian.wustl.edu/						other	41709913	41763013	41861779	41959774	41964075	10.1038/s41591-021-01369-8	10.1056/nejmoa1202753																																																																																																																																																																																																																	
Clinical, Imaging, Genomics, Biomarkers	Clinical assessments, Cognitive assessments, MRI, PET, Genetic testing, CSF biomarkers	Dominantly Inherited Alzheimer's Disease, Presymptomatic Mutation Carriers	na						https://discover.alzheimersdata.org/catalogue/datasets/23f1eb7c-4144-4cd7-a5f3-ecd7dd3b2509						other									coarse_data_modality: +.+ -- HTML states 'comprehensive and state-of-the-art clinical, cognitive, genetic, imaging, and biomarker protocols' which aligns with curated metadata of 'clinical, longitudinal, genetics, imaging'. granular_data_modality: +.+ -- HTML describes 'clinical, cognitive, genetic, imaging, and biomarker protocols' matching curated 'Clinical assessments; MRI; PET; CSF biomarkers; Genomics; Longitudinal cognitive assessment'. diseases_included: -.- -- HTML specifies 'dominantly inherited Alzheimer's disease (DIAD)' and 'verified mutation carriers' and 'non-carrier siblings' as control group, but does not explicitly mention 'Normal Controls' as a separate category; curated metadata lists 'Familial Alzheimer's Disease; Presymptomatic Mutation Carriers; Normal Controls' but HTML only confirms DIAD and mutation carriers vs non-carrier siblings. sample_size: -.- -- HTML does not provide a specific sample size number; curated metadata states '500 participants' but this is not found in the HTML. publication_urls: [] -- No publication URLs or DOIs found in HTML. dataset_urls: [] -- No direct dataset access URLs found in HTML; page requires login for further details.																																																																																																																																																																																																															
Clinical, Neuropathology	Clinical assessments, Cognitive testing, Neuropathology, Cardiovascular data	Alzheimer's disease, Dementia, Parkinson's disease, Vascular dementia	2,636 participants	https://www.kuakini.org/wps/portal/kuakini-research/publications/?study=/kuakini/publications/kuakini-honolulu-heart-program					https://www.kuakini.org/wps/portal/kuakini-research/research-home/kuakini-research-programs/kuakini-honolulu-asia-aging-study						other									All four required fields confirmed from draft output which aligns with curated metadata. The draft provided explicit, specific evidence for coarse_data_modality (Clinical, Neuropathology), granular_data_modality (Clinical assessments, Cognitive testing, Neuropathology, Cardiovascular data), diseases_included (Alzheimer's disease, Dementia, Parkinson's disease, Vascular dementia), and sample_size (2,636 participants). Additional pages confirmed the study name (Honolulu-Asia Aging Study) in navigation menus but contained no new substantive data about HAAS specifically—pages focused on Honolulu Heart Program, publications portal, and registration form. Publication URL from draft retained; no dataset URLs found in any source.	10.1097/MCO.0000000000000019	10.1111/jgs.12796	10.1159/000375235	24316687	24779449	25832544	26476085	27071935																																																																																																																																																																																																							
Clinical	Clinical assessments, Neuropathology, Cognitive testing, Cardiovascular data	Alzheimer's Disease, Dementia, Parkinson's Disease, Vascular dementia, Normal Aging	2,636 participants						https://www.nia.nih.gov/research/labs/leps/honolulu-asia-aging-study-haas						other									All four required fields verified from draft output which aligns with curated metadata; no additional pages provided to enrich or correct the draft; no publication or dataset URLs found in either source.																																																																																																																																																																																																															
Clinical, Imaging	Electronic health records, Hospital admissions, Prescriptions, Mortality data, Cancer registry, Brain imaging	Dementia, Other brain diseases	na						https://www.hra.nhs.uk/planning-and-improving-research/application-summaries/research-summaries/brain-health-data-pilot/						other									All four required fields derived from draft output, which aligns with HRA research summary page confirming Clinical and Imaging modalities (brain scans linked to NHS health data), diseases (dementia and other brain diseases), and granular data types (EHR, hospital admissions, prescriptions, mortality, cancer registry, brain imaging). Sample size not determinable from any source. No publication or dataset URLs found in additional pages.																																																																																																																																																																																																															
Clinical, Imaging, Longitudinal	Electronic health records, Hospital admissions, Prescriptions, Mortality data, Cancer registry, Imaging	Multiple neurological conditions, Dementia, Aging	820,000+ participants across multiple linked datasets						https://www.ed.ac.uk/clinical-brain-sciences/research/brain-health-data-platform						other									All four required fields are confirmed from the draft output, which already contained comprehensive and specific information about the Brain Health Data Pilot - Scotland study. The additional page provided (Centre for Clinical Brain Sciences homepage) is a general institutional website that does not contain specific information about the BHDP study itself, so no enrichment or corrections were needed. The draft values remain the most explicit and verified source for all fields.																																																																																																																																																																																																															
Clinical, Genomics, Imaging	Clinical assessments, Cognitive testing, Motor assessments, MRI (fMRI, T1-weighted), PET (FDG-PET), Genotyping	Parkinson's Disease, PD Dementia, Mild Cognitive Impairment in PD	318 participants (219 with PD and 99 controls)					https://doi.org/10.48532/029000	https://data.dpuk.ukserp.ac.uk/cohortdirectory/Item?fingerPrintID=ICICLE-PD						other									All fields verified from draft output; additional page (DPUK Apply portal) is a generic data access application page with no study-specific information about ICICLE-PD. Draft output already contains complete and specific information matching curated metadata.																																																																																																																																																																																																															
na	na	na	na						https://research.ncl.ac.uk/icicle-pd/						other									The provided HTML is a 404 Not Found error page with no substantive content about the ICICLE-PD study. The page contains only a generic error message ('The requested URL was not found on this server') and does not provide any information about data modalities, diseases, sample size, publications, or datasets. Therefore, all fields cannot be verified against the HTML and are marked as 'na'. The curated metadata cannot be validated or corrected based on this page content.																																																																																																																																																																																																															
na	na	na	na						https://discover.alzheimersdata.org/catalogue/datasets/6662621f-9571-495e-ad1b-48cd92a2ef2e						other									The HTML page displays an error message ('An error occurred while processing your request') and does not contain any dataset details, study information, or metadata about the Aberdeen Children of the 1950s cohort. The page failed to load the actual dataset details content, returning only a generic error page with an error ID. Therefore, no verified information about coarse_data_modality, granular_data_modality, diseases_included, or sample_size can be extracted from this HTML. No publication or dataset URLs are present on the error page.																																																																																																																																																																																																															
Clinical	Birth cohort data, Quality of Life, Socio-economic indicators, Cognitive tests, Behavioral assessments	Aging, Multiple health conditions	12,150 participants						https://www.abdn.ac.uk/iahs/research/epidemiology/aconf.php						other									All four required fields match the draft output from the main page, which aligns with the curated metadata. The additional pages provided (Studies List, Who We Are, Contact Us) are from the Epidemiology Group at University of Aberdeen and do not contain specific information about the Aberdeen Children of the 1950s (ACONF) cohort study. The draft output accurately captures the study's characteristics based on the curated metadata. No publication or dataset URLs were found on any of the pages provided.									10.1002/bco2.266	10.1080/20476965.2023.2216749	10.1186/s43058-023-00498-0	10.1007/s10389-018-0905-9	10.1080/09687599.2020.1779036	10.1080/20479700.2019.1603336	10.1093/pubmed/fdv138	10.1177/1010539509348662	10.1186/1471-2458-10-17	10.1186/1471-2458-8-4	10.1186/s41043-015-0010-4																																																																																																																																																																																												
Clinical, Genomics, Imaging, Neuropathology	Brain tissue, Clinical assessments, Clinical data, Genomics (SNP Array, NeuroChip, GWAS), MRI, Neuropathology, Blood samples, iPSCs, Fibroblasts	Alzheimer's Disease, Dementia, Mild Cognitive Impairment, Normal Controls	3,278 participants					https://ukbbn.brainsfordementiaresearch.org	https://www.brainsfordementiaresearch.org/						other									Coarse and granular data modalities confirmed from draft and additional pages (datasets, genomics, apply pages detail specific assays including NeuroChip and SNP arrays). Diseases extended from draft to include Mild Cognitive Impairment based on about page. Sample size updated from 3,200 to 3,278 based on about page statement '3,278 people have signed up to donate their brain.' Dataset URLs extracted from datasets and apply pages pointing to UKBBN and DPUK data portals. No publication URLs found on provided pages.																				https://www.dementiasplatform.uk/																																																																																																																																																																																											
Clinical, Genomics, Transcriptomics, Proteomics	Clinical assessments, MDS-UPDRS, MoCA, UPSIT, Whole Genome Sequencing, RNA-seq, Targeted Proteomics, Untargeted Proteomics, Blood biomarkers, CSF biomarkers	Parkinson's Disease, Prodromal Parkinson's Disease, Lewy Body Dementia, Normal Controls	1,180 participants (HBS cohort in AMP PD)	PMID 28629879				https://amp-pdrd.org/unified-cohorts/hbs	https://amp-pdrd.org/unified-cohorts/hbs						other									Sample size of 1,180 for HBS specifically comes from the summary data dashboard table showing HBS cohort participants. Coarse and granular data modalities are verified from multiple pages describing clinical assessments, genomic data (WGS), transcriptomics (RNA-seq), and proteomics (targeted and untargeted). Diseases included are confirmed from the curated metadata and additional pages. The draft's mention of Alzheimer's disease was removed as it appears only in the 'Other' category of diagnoses with ≤10 participants, not as a primary HBS disease. Publication URL from draft retained. Dataset URLs point to HBS-specific and relevant AMP PD data access pages.																				https://amp-pdrd.org/data/summary-data-dashboard	https://amp-pdrd.org/harmonized-clinical-assessments																																																																																																																																																																																										
Genomics, Transcriptomics, Proteomics, Clinical	Whole Genome Sequencing, RNA-seq, Blood biomarkers, CSF biomarkers, Clinical assessments, Motor testing	Parkinson's Disease, Prodromal Parkinson's Disease, Normal Controls	1,137 participants	https://pubmed.ncbi.nlm.nih.gov/40038287	https://pubmed.ncbi.nlm.nih.gov/39627843	https://pubmed.ncbi.nlm.nih.gov/39376536	https://pubmed.ncbi.nlm.nih.gov/38324746		https://www.bwhparkinsoncenter.org/biobank/						other									The Stephen & Denise Adams Center for Parkinson's Disease Research at Yale is a research center focused on precision neurology for Parkinson's disease. The curated metadata indicates 1,137 participants with Parkinson's Disease, Prodromal Parkinson's Disease, and Normal Controls. Data modalities include genomics, transcriptomics, proteomics, and clinical assessments with blood/CSF biomarkers and motor testing. The publications page lists numerous peer-reviewed studies from 2019-2025 related to Parkinson's disease research, antisense oligonucleotides, stem cell-derived neurons, and molecular pathogenesis. The About page confirms the center's mission to build precision neurology using genomics and AI with massive genome, transcriptome, biome and health data streams. Sample size from curated metadata; data modalities from both curated metadata and publications context; publication URLs extracted from the publications page.																						https://pubmed.ncbi.nlm.nih.gov/37957262	https://pubmed.ncbi.nlm.nih.gov/37923712	https://pubmed.ncbi.nlm.nih.gov/36179692	https://pubmed.ncbi.nlm.nih.gov/36114228	https://pubmed.ncbi.nlm.nih.gov/36036206	https://pubmed.ncbi.nlm.nih.gov/34696812	https://pubmed.ncbi.nlm.nih.gov/34829728	https://pubmed.ncbi.nlm.nih.gov/34016162	https://pubmed.ncbi.nlm.nih.gov/33934042	https://pubmed.ncbi.nlm.nih.gov/33019779	https://pubmed.ncbi.nlm.nih.gov/33230432	https://pubmed.ncbi.nlm.nih.gov/32767426	https://pubmed.ncbi.nlm.nih.gov/32341525	https://pubmed.ncbi.nlm.nih.gov/32071222	https://pubmed.ncbi.nlm.nih.gov/31736145	10.1002/mds.29201	10.1002/mds.29201&lt;/a&gt;.&quot;,&quot;year&quot;:2022,&quot;link&quot;:{&quot;url&quot;:&quot;https://pubmed.ncbi.nlm.nih.gov/36036206&quot;,&quot;text&quot;:&quot;Targeted	10.1002/mds.29201&quot;,&quot;altmetricAttentionScore&quot;:13,&quot;timesCited&quot;:9,&quot;oneLinerSummary&quot;:null,&quot;isFeatured&quot;:false,&quot;hasHeroVideo&quot;:false,&quot;hasDetailsPage&quot;:false,&quot;keywords&quot;:[{&quot;url&quot;:&quot;/adams-center-parkinsons-disease-research/academic-publications/?keywordId=6498&quot;,&quot;text&quot;:&quot;Humans&quot;},{&quot;url&quot;:&quot;/adams-center-parkinsons-disease-research/academic-publications/?keywordId=15454&quot;,&quot;text&quot;:&quot;Oligonucleotides	10.1002/mds.29201?domain=https://medicine.yale.edu	10.1002/mds.29201\&quot	10.1002/med.21718	10.1002/med.21718&lt;/a&gt;.&quot;,&quot;year&quot;:2020,&quot;link&quot;:{&quot;url&quot;:&quot;https://pubmed.ncbi.nlm.nih.gov/32767426&quot;,&quot;text&quot;:&quot;Progress	10.1002/med.21718&quot;,&quot;altmetricAttentionScore&quot;:6,&quot;timesCited&quot;:48,&quot;oneLinerSummary&quot;:null,&quot;isFeatured&quot;:false,&quot;hasHeroVideo&quot;:false,&quot;hasDetailsPage&quot;:false,&quot;keywords&quot;:[{&quot;url&quot;:&quot;/adams-center-parkinsons-disease-research/academic-publications/?keywordId=6498&quot;,&quot;text&quot;:&quot;Humans&quot;},{&quot;url&quot;:&quot;/adams-center-parkinsons-disease-research/academic-publications/?keywordId=21189&quot;,&quot;text&quot;:&quot;MicroRNAs&quot;},{&quot;url&quot;:&quot;/adams-center-parkinsons-disease-research/academic-publications/?keywordId=9269&quot;,&quot;text&quot;:&quot;Nucleic	10.1002/med.21718?domain=https://medicine.yale.edu	10.1002/med.21718\&quot	10.1016/j.archoralbio.2021.105129	10.1016/j.archoralbio.2021.105129&lt;/a&gt;.&quot;,&quot;year&quot;:2021,&quot;link&quot;:{&quot;url&quot;:&quot;https://pubmed.ncbi.nlm.nih.gov/33934042&quot;,&quot;text&quot;:&quot;Impact	10.1016/j.archoralbio.2021.105129&quot;,&quot;altmetricAttentionScore&quot;:3,&quot;timesCited&quot;:11,&quot;oneLinerSummary&quot;:null,&quot;isFeatured&quot;:false,&quot;hasHeroVideo&quot;:false,&quot;hasDetailsPage&quot;:false,&quot;keywords&quot;:[{&quot;url&quot;:&quot;/adams-center-parkinsons-disease-research/academic-publications/?keywordId=777&quot;,&quot;text&quot;:&quot;Animals&quot;},{&quot;url&quot;:&quot;/adams-center-parkinsons-disease-research/academic-publications/?keywordId=22858&quot;,&quot;text&quot;:&quot;Atherosclerosis&quot;},{&quot;url&quot;:&quot;/adams-center-parkinsons-disease-research/academic-publications/?keywordId=17633&quot;,&quot;text&quot;:&quot;CD36	10.1016/j.archoralbio.2021.105129?domain=https://medicine.yale.edu	10.1016/j.archoralbio.2021.105129\&quot	10.1016/j.omtn.2020.08.019	10.1016/j.omtn.2020.08.019&lt;/a&gt;.&quot;,&quot;year&quot;:2020,&quot;link&quot;:{&quot;url&quot;:&quot;https://pubmed.ncbi.nlm.nih.gov/33230432&quot;,&quot;text&quot;:&quot;Morpholino	10.1016/j.omtn.2020.08.019&quot;,&quot;altmetricAttentionScore&quot;:6,&quot;timesCited&quot;:12,&quot;oneLinerSummary&quot;:null,&quot;isFeatured&quot;:false,&quot;hasHeroVideo&quot;:false,&quot;hasDetailsPage&quot;:false,&quot;keywords&quot;:[],&quot;concepts&quot;:[{&quot;url&quot;:&quot;/adams-center-parkinsons-disease-research/academic-publications/?conceptId=448303&quot;,&quot;text&quot;:&quot;Genotype-phenotype	10.1016/j.omtn.2020.08.019?domain=https://medicine.yale.edu	10.1016/j.omtn.2020.08.019\&quot	10.1016/j.plantsci.2022.111446	10.1016/j.plantsci.2022.111446&lt;/a&gt;.&quot;,&quot;year&quot;:2022,&quot;link&quot;:{&quot;url&quot;:&quot;https://pubmed.ncbi.nlm.nih.gov/36041562&quot;,&quot;text&quot;:&quot;qHD5	10.1016/j.plantsci.2022.111446&quot;,&quot;altmetricAttentionScore&quot;:0,&quot;timesCited&quot;:4,&quot;oneLinerSummary&quot;:null,&quot;isFeatured&quot;:false,&quot;hasHeroVideo&quot;:false,&quot;hasDetailsPage&quot;:false,&quot;keywords&quot;:[{&quot;url&quot;:&quot;/adams-center-parkinsons-disease-research/academic-publications/?keywordId=458&quot;,&quot;text&quot;:&quot;Alleles&quot;},{&quot;url&quot;:&quot;/adams-center-parkinsons-disease-research/academic-publications/?keywordId=2747&quot;,&quot;text&quot;:&quot;Chromosome	10.1016/j.plantsci.2022.111446?domain=https://medicine.yale.edu	10.1016/j.plantsci.2022.111446\&quot	10.1016/j.stemcr.2022.09.001	10.1016/j.stemcr.2022.09.001&lt;/a&gt;.&quot;,&quot;year&quot;:2022,&quot;link&quot;:{&quot;url&quot;:&quot;https://pubmed.ncbi.nlm.nih.gov/36179692&quot;,&quot;text&quot;:&quot;High-content	10.1016/j.stemcr.2022.09.001&quot;,&quot;altmetricAttentionScore&quot;:3,&quot;timesCited&quot;:20,&quot;oneLinerSummary&quot;:null,&quot;isFeatured&quot;:false,&quot;hasHeroVideo&quot;:false,&quot;hasDetailsPage&quot;:false,&quot;keywords&quot;:[{&quot;url&quot;:&quot;/adams-center-parkinsons-disease-research/academic-publications/?keywordId=23561&quot;,&quot;text&quot;:&quot;alpha-Synuclein&quot;},{&quot;url&quot;:&quot;/adams-center-parkinsons-disease-research/academic-publications/?keywordId=26128&quot;,&quot;text&quot;:&quot;Dopaminergic	10.1016/j.stemcr.2022.09.001?domain=https://medicine.yale.edu	10.1016/j.stemcr.2022.09.001\&quot	10.1016/j.xplc.2022.100325	10.1016/j.xplc.2022.100325&lt;/a&gt;.&quot;,&quot;year&quot;:2022,&quot;link&quot;:{&quot;url&quot;:&quot;https://pubmed.ncbi.nlm.nih.gov/35576158&quot;,&quot;text&quot;:&quot;Genomic	10.1016/j.xplc.2022.100325&quot;,&quot;altmetricAttentionScore&quot;:4,&quot;timesCited&quot;:24,&quot;oneLinerSummary&quot;:null,&quot;isFeatured&quot;:false,&quot;hasHeroVideo&quot;:false,&quot;hasDetailsPage&quot;:false,&quot;keywords&quot;:[{&quot;url&quot;:&quot;/adams-center-parkinsons-disease-research/academic-publications/?keywordId=458&quot;,&quot;text&quot;:&quot;Alleles&quot;},{&quot;url&quot;:&quot;/adams-center-parkinsons-disease-research/academic-publications/?keywordId=26346&quot;,&quot;text&quot;:&quot;Disease	10.1016/j.xplc.2022.100325?domain=https://medicine.yale.edu	10.1016/j.xplc.2022.100325\&quot	10.1038/s41467-023-42822-1	10.1038/s41467-023-42822-1&lt;/a&gt;.&quot;,&quot;year&quot;:2023,&quot;link&quot;:{&quot;url&quot;:&quot;https://pubmed.ncbi.nlm.nih.gov/37923712&quot;,&quot;text&quot;:&quot;Integrative	10.1038/s41467-023-42822-1&quot;,&quot;altmetricAttentionScore&quot;:18,&quot;timesCited&quot;:13,&quot;oneLinerSummary&quot;:null,&quot;isFeatured&quot;:false,&quot;hasHeroVideo&quot;:false,&quot;hasDetailsPage&quot;:false,&quot;keywords&quot;:[{&quot;url&quot;:&quot;/adams-center-parkinsons-disease-research/academic-publications/?keywordId=357&quot;,&quot;text&quot;:&quot;Aging&quot;},{&quot;url&quot;:&quot;/adams-center-parkinsons-disease-research/academic-publications/?keywordId=517&quot;,&quot;text&quot;:&quot;Alzheimer	10.1038/s41467-023-42822-1?domain=https://medicine.yale.edu	10.1038/s41467-023-42822-1\&quot	10.1038/s41531-022-00380-1	10.1038/s41531-022-00380-1&lt;/a&gt;.&quot;,&quot;year&quot;:2022,&quot;link&quot;:{&quot;url&quot;:&quot;https://pubmed.ncbi.nlm.nih.gov/36114228&quot;,&quot;text&quot;:&quot;Parkinson-causing	10.1038/s41531-022-00380-1&quot;,&quot;altmetricAttentionScore&quot;:12,&quot;timesCited&quot;:30,&quot;oneLinerSummary&quot;:null,&quot;isFeatured&quot;:false,&quot;hasHeroVideo&quot;:false,&quot;hasDetailsPage&quot;:false,&quot;keywords&quot;:[],&quot;concepts&quot;:[{&quot;url&quot;:&quot;/adams-center-parkinsons-disease-research/academic-publications/?conceptId=1315633&quot;,&quot;text&quot;:&quot;T:M	10.1038/s41531-022-00380-1?domain=https://medicine.yale.edu	10.1038/s41531-022-00380-1\&quot	10.1038/s41531-025-00887-3	10.1038/s41531-025-00887-3&lt;/a&gt;.&quot;,&quot;year&quot;:2025,&quot;link&quot;:{&quot;url&quot;:&quot;https://pubmed.ncbi.nlm.nih.gov/40038287&quot;,&quot;text&quot;:&quot;A	10.1038/s41531-025-00887-3&quot;,&quot;altmetricAttentionScore&quot;:17,&quot;timesCited&quot;:6,&quot;oneLinerSummary&quot;:null,&quot;isFeatured&quot;:false,&quot;hasHeroVideo&quot;:false,&quot;hasDetailsPage&quot;:false,&quot;keywords&quot;:[],&quot;concepts&quot;:[{&quot;url&quot;:&quot;/adams-center-parkinsons-disease-research/academic-publications/?conceptId=657249&quot;,&quot;text&quot;:&quot;Loss-of-function&quot;},{&quot;url&quot;:&quot;/adams-center-parkinsons-disease-research/academic-publications/?conceptId=442285&quot;,&quot;text&quot;:&quot;Gain-of-function&quot;},{&quot;url&quot;:&quot;/adams-center-parkinsons-disease-research/academic-publications/?conceptId=86328&quot;,&quot;text&quot;:&quot;A-synuclein&quot;},{&quot;url&quot;:&quot;/adams-center-parkinsons-disease-research/academic-publications/?conceptId=304503&quot;,&quot;text&quot;:&quot;Disease-modifying	10.1038/s41531-025-00887-3?domain=https://medicine.yale.edu	10.1038/s41531-025-00887-3\&quot	10.1038/s41588-020-0616-3	10.1038/s41588-020-0616-3&lt;/a&gt;.&quot;,&quot;year&quot;:2020,&quot;link&quot;:{&quot;url&quot;:&quot;https://pubmed.ncbi.nlm.nih.gov/32341525&quot;,&quot;text&quot;:&quot;Genome-wide	10.1038/s41588-020-0616-3&quot;,&quot;altmetricAttentionScore&quot;:49,&quot;timesCited&quot;:278,&quot;oneLinerSummary&quot;:null,&quot;isFeatured&quot;:false,&quot;hasHeroVideo&quot;:false,&quot;hasDetailsPage&quot;:false,&quot;keywords&quot;:[{&quot;url&quot;:&quot;/adams-center-parkinsons-disease-research/academic-publications/?keywordId=2559&quot;,&quot;text&quot;:&quot;China&quot;},{&quot;url&quot;:&quot;/adams-center-parkinsons-disease-research/academic-publications/?keywordId=26914&quot;,&quot;text&quot;:&quot;CRISPR-Cas	10.1038/s41588-020-0616-3?domain=https://medicine.yale.edu	10.1038/s41588-020-0616-3\&quot	10.1038/s41598-023-47005-y	10.1038/s41598-023-47005-y&lt;/a&gt;.&quot;,&quot;year&quot;:2023,&quot;link&quot;:{&quot;url&quot;:&quot;https://pubmed.ncbi.nlm.nih.gov/37957262&quot;,&quot;text&quot;:&quot;Induced	10.1038/s41598-023-47005-y&quot;,&quot;altmetricAttentionScore&quot;:4,&quot;timesCited&quot;:1,&quot;oneLinerSummary&quot;:null,&quot;isFeatured&quot;:false,&quot;hasHeroVideo&quot;:false,&quot;hasDetailsPage&quot;:false,&quot;keywords&quot;:[{&quot;url&quot;:&quot;/adams-center-parkinsons-disease-research/academic-publications/?keywordId=16318&quot;,&quot;text&quot;:&quot;Alternative	10.1038/s41598-023-47005-y?domain=https://medicine.yale.edu	10.1038/s41598-023-47005-y\&quot	10.1073/pnas.1919086117	10.1073/pnas.1919086117&lt;/a&gt;.&quot;,&quot;year&quot;:2020,&quot;link&quot;:{&quot;url&quot;:&quot;https://pubmed.ncbi.nlm.nih.gov/32071222&quot;,&quot;text&quot;:&quot;Divergent	10.1073/pnas.1919086117&quot;,&quot;altmetricAttentionScore&quot;:4,&quot;timesCited&quot;:67,&quot;oneLinerSummary&quot;:null,&quot;isFeatured&quot;:false,&quot;hasHeroVideo&quot;:false,&quot;hasDetailsPage&quot;:false,&quot;keywords&quot;:[{&quot;url&quot;:&quot;/adams-center-parkinsons-disease-research/academic-publications/?keywordId=29457&quot;,&quot;text&quot;:&quot;Genetic	10.1073/pnas.1919086117?domain=https://medicine.yale.edu	10.1073/pnas.1919086117\&quot	10.1093/hmg/ddae018	10.1093/hmg/ddae018&lt;/a&gt;.&quot;,&quot;year&quot;:2024,&quot;link&quot;:{&quot;url&quot;:&quot;https://pubmed.ncbi.nlm.nih.gov/38324746&quot;,&quot;text&quot;:&quot;Pathways	10.1093/hmg/ddae018&quot;,&quot;altmetricAttentionScore&quot;:1,&quot;timesCited&quot;:5,&quot;oneLinerSummary&quot;:null,&quot;isFeatured&quot;:false,&quot;hasHeroVideo&quot;:false,&quot;hasDetailsPage&quot;:false,&quot;keywords&quot;:[{&quot;url&quot;:&quot;/adams-center-parkinsons-disease-research/academic-publications/?keywordId=777&quot;,&quot;text&quot;:&quot;Animals&quot;},{&quot;url&quot;:&quot;/adams-center-parkinsons-disease-research/academic-publications/?keywordId=1276&quot;,&quot;text&quot;:&quot;Autophagy&quot;},{&quot;url&quot;:&quot;/adams-center-parkinsons-disease-research/academic-publications/?keywordId=4012&quot;,&quot;text&quot;:&quot;Disease	10.1093/hmg/ddae018?domain=https://medicine.yale.edu	10.1093/hmg/ddae018\&quot	10.1111/pbi.13880	10.1111/pbi.13880&lt;/a&gt;.&quot;,&quot;year&quot;:2022,&quot;link&quot;:{&quot;url&quot;:&quot;https://pubmed.ncbi.nlm.nih.gov/35748695&quot;,&quot;text&quot;:&quot;The	10.1111/pbi.13880&quot;,&quot;altmetricAttentionScore&quot;:0,&quot;timesCited&quot;:63,&quot;oneLinerSummary&quot;:null,&quot;isFeatured&quot;:false,&quot;hasHeroVideo&quot;:false,&quot;hasDetailsPage&quot;:false,&quot;keywords&quot;:[{&quot;url&quot;:&quot;/adams-center-parkinsons-disease-research/academic-publications/?keywordId=17462&quot;,&quot;text&quot;:&quot;Genome	10.1111/pbi.13880?domain=https://medicine.yale.edu	10.1111/pbi.13880\&quot	10.1111/tpj.14616	10.1111/tpj.14616&lt;/a&gt;.&quot;,&quot;year&quot;:2019,&quot;link&quot;:{&quot;url&quot;:&quot;https://pubmed.ncbi.nlm.nih.gov/31736145&quot;,&quot;text&quot;:&quot;The	10.1111/tpj.14616&quot;,&quot;altmetricAttentionScore&quot;:2,&quot;timesCited&quot;:16,&quot;oneLinerSummary&quot;:null,&quot;isFeatured&quot;:false,&quot;hasHeroVideo&quot;:false,&quot;hasDetailsPage&quot;:false,&quot;keywords&quot;:[{&quot;url&quot;:&quot;/adams-center-parkinsons-disease-research/academic-publications/?keywordId=4633&quot;,&quot;text&quot;:&quot;Epistasis	10.1111/tpj.14616?domain=https://medicine.yale.edu	10.1111/tpj.14616\&quot	10.1186/s12870-022-03697-4	10.1186/s12870-022-03697-4&lt;/a&gt;.&quot;,&quot;year&quot;:2022,&quot;link&quot;:{&quot;url&quot;:&quot;https://pubmed.ncbi.nlm.nih.gov/35773646&quot;,&quot;text&quot;:&quot;Transcriptome	10.1186/s12870-022-03697-4&quot;,&quot;altmetricAttentionScore&quot;:2,&quot;timesCited&quot;:28,&quot;oneLinerSummary&quot;:null,&quot;isFeatured&quot;:false,&quot;hasHeroVideo&quot;:false,&quot;hasDetailsPage&quot;:false,&quot;keywords&quot;:[{&quot;url&quot;:&quot;/adams-center-parkinsons-disease-research/academic-publications/?keywordId=19263&quot;,&quot;text&quot;:&quot;Gene	10.1186/s12870-022-03697-4?domain=https://medicine.yale.edu	10.1186/s12870-022-03697-4\&quot	10.1186/s40035-021-00240-7	10.1186/s40035-021-00240-7&lt;/a&gt;.&quot;,&quot;year&quot;:2021,&quot;link&quot;:{&quot;url&quot;:&quot;https://pubmed.ncbi.nlm.nih.gov/34016162&quot;,&quot;text&quot;:&quot;Neurodegenerative	10.1186/s40035-021-00240-7&quot;,&quot;altmetricAttentionScore&quot;:10,&quot;timesCited&quot;:94,&quot;oneLinerSummary&quot;:null,&quot;isFeatured&quot;:false,&quot;hasHeroVideo&quot;:false,&quot;hasDetailsPage&quot;:false,&quot;keywords&quot;:[{&quot;url&quot;:&quot;/adams-center-parkinsons-disease-research/academic-publications/?keywordId=16318&quot;,&quot;text&quot;:&quot;Alternative	10.1186/s40035-021-00240-7?domain=https://medicine.yale.edu	10.1186/s40035-021-00240-7\&quot	10.1186/s40035-021-00267-w	10.1186/s40035-021-00267-w&lt;/a&gt;.&quot;,&quot;year&quot;:2021,&quot;link&quot;:{&quot;url&quot;:&quot;https://pubmed.ncbi.nlm.nih.gov/34696812&quot;,&quot;text&quot;:&quot;Correction	10.1186/s40035-021-00267-w&quot;,&quot;altmetricAttentionScore&quot;:7,&quot;timesCited&quot;:2,&quot;oneLinerSummary&quot;:null,&quot;isFeatured&quot;:false,&quot;hasHeroVideo&quot;:false,&quot;hasDetailsPage&quot;:false,&quot;keywords&quot;:[],&quot;concepts&quot;:[],&quot;id&quot;:&quot;724296^0&quot;,&quot;title&quot;:&quot;Correction	10.1186/s40035-021-00267-w?domain=https://medicine.yale.edu	10.1186/s40035-021-00267-w\&quot	10.1186/s40035-024-00450-9	10.1186/s40035-024-00450-9&lt;/a&gt;.&quot;,&quot;year&quot;:2024,&quot;link&quot;:{&quot;url&quot;:&quot;https://pubmed.ncbi.nlm.nih.gov/39627843&quot;,&quot;text&quot;:&quot;Controversies	10.1186/s40035-024-00450-9&quot;,&quot;altmetricAttentionScore&quot;:10,&quot;timesCited&quot;:9,&quot;oneLinerSummary&quot;:null,&quot;isFeatured&quot;:false,&quot;hasHeroVideo&quot;:false,&quot;hasDetailsPage&quot;:false,&quot;keywords&quot;:[{&quot;url&quot;:&quot;/adams-center-parkinsons-disease-research/academic-publications/?keywordId=517&quot;,&quot;text&quot;:&quot;Alzheimer	10.1186/s40035-024-00450-9?domain=https://medicine.yale.edu	10.1186/s40035-024-00450-9\&quot	10.3389/fnins.2024.1414658	10.3389/fnins.2024.1414658&lt;/a&gt;.&quot;,&quot;year&quot;:2024,&quot;link&quot;:{&quot;url&quot;:&quot;https://pubmed.ncbi.nlm.nih.gov/39376536&quot;,&quot;text&quot;:&quot;Antisense	10.3389/fnins.2024.1414658&quot;,&quot;altmetricAttentionScore&quot;:3,&quot;timesCited&quot;:25,&quot;oneLinerSummary&quot;:null,&quot;isFeatured&quot;:false,&quot;hasHeroVideo&quot;:false,&quot;hasDetailsPage&quot;:false,&quot;keywords&quot;:[],&quot;concepts&quot;:[{&quot;url&quot;:&quot;/adams-center-parkinsons-disease-research/academic-publications/?conceptId=65933&quot;,&quot;text&quot;:&quot;Antisense	10.3389/fnins.2024.1414658?domain=https://medicine.yale.edu	10.3389/fnins.2024.1414658\&quot	10.3390/biomedicines9111499	10.3390/biomedicines9111499&lt;/a&gt;.&quot;,&quot;year&quot;:2021,&quot;link&quot;:{&quot;url&quot;:&quot;https://pubmed.ncbi.nlm.nih.gov/34829728&quot;,&quot;text&quot;:&quot;Polyglutamine	10.3390/biomedicines9111499&quot;,&quot;altmetricAttentionScore&quot;:1,&quot;timesCited&quot;:18,&quot;oneLinerSummary&quot;:null,&quot;isFeatured&quot;:false,&quot;hasHeroVideo&quot;:false,&quot;hasDetailsPage&quot;:false,&quot;keywords&quot;:[],&quot;concepts&quot;:[{&quot;url&quot;:&quot;/adams-center-parkinsons-disease-research/academic-publications/?conceptId=903380&quot;,&quot;text&quot;:&quot;PolyQ	10.3390/biomedicines9111499?domain=https://medicine.yale.edu	10.3390/biomedicines9111499\&quot	10.3390/cells11091388	10.3390/cells11091388&lt;/a&gt;.&quot;,&quot;year&quot;:2022,&quot;link&quot;:{&quot;url&quot;:&quot;https://pubmed.ncbi.nlm.nih.gov/35563695&quot;,&quot;text&quot;:&quot;Dynamics	10.3390/cells11091388&quot;,&quot;altmetricAttentionScore&quot;:1,&quot;timesCited&quot;:11,&quot;oneLinerSummary&quot;:null,&quot;isFeatured&quot;:false,&quot;hasHeroVideo&quot;:false,&quot;hasDetailsPage&quot;:false,&quot;keywords&quot;:[{&quot;url&quot;:&quot;/adams-center-parkinsons-disease-research/academic-publications/?keywordId=22694&quot;,&quot;text&quot;:&quot;Cell	10.3390/cells11091388?domain=https://medicine.yale.edu	10.3390/cells11091388\&quot	10.3390/ijms21197282	10.3390/ijms21197282&lt;/a&gt;.&quot;,&quot;year&quot;:2020,&quot;link&quot;:{&quot;url&quot;:&quot;https://pubmed.ncbi.nlm.nih.gov/33019779&quot;,&quot;text&quot;:&quot;A	10.3390/ijms21197282&quot;,&quot;altmetricAttentionScore&quot;:12,&quot;timesCited&quot;:15,&quot;oneLinerSummary&quot;:null,&quot;isFeatured&quot;:false,&quot;hasHeroVideo&quot;:false,&quot;hasDetailsPage&quot;:false,&quot;keywords&quot;:[{&quot;url&quot;:&quot;/adams-center-parkinsons-disease-research/academic-publications/?keywordId=16318&quot;,&quot;text&quot;:&quot;Alternative	10.3390/ijms21197282?domain=https://medicine.yale.edu	10.3390/ijms21197282\&quot	10.5772/intechopen.81343	10.5772/intechopen.81343&lt;/a&gt;.&quot;,&quot;year&quot;:2019,&quot;link&quot;:{&quot;url&quot;:&quot;https://doi.org/10.5772/intechopen.81343&quot;,&quot;text&quot;:&quot;Adrenergic	10.5772/intechopen.81343&quot;,&quot;altmetricAttentionScore&quot;:0,&quot;timesCited&quot;:8,&quot;oneLinerSummary&quot;:null,&quot;isFeatured&quot;:false,&quot;hasHeroVideo&quot;:false,&quot;hasDetailsPage&quot;:false,&quot;keywords&quot;:[],&quot;concepts&quot;:[],&quot;id&quot;:&quot;741874^0&quot;,&quot;title&quot;:&quot;Adrenergic	10.5772/intechopen.81343&quot;,&quot;text&quot;:&quot;Adrenergic	10.5772/intechopen.81343?domain=https://medicine.yale.edu	10.5772/intechopen.81343\&quot	31736145	32071222	32341525	32767426	33019779	33230432	33934042	34016162	34696812	34829728	35563695	35576158	35748695	35773646	36036206	36041562	36114228	36179692	37923712	37957262	38324746	39376536	39627843	40038287	PMC10624868	PMC10643364	PMC11070137	PMC11456401	PMC11613593	PMC11880543	PMC7060695	PMC7516190	PMC7582384	PMC7589267	PMC8136212	PMC8543951	PMC8615177	PMC9100042	PMC9245205	PMC9251437	PMC9398309	PMC9481630	PMC9561636	PMC9804368	
Clinical, Genomics, Imaging	Clinical assessments, MRI, PET, CSF biomarkers, Genomics, Neuropsychological testing	Early-onset Alzheimer's Disease, Young-onset Dementia	950 participants (850 cognitively impaired, 100 cognitively normal)	https://www.ncbi.nlm.nih.gov/myncbi/1PeG5HF2amqcie/bibliography/public/	https://alz-journals.onlinelibrary.wiley.com/doi/toc/10.1002/(ISSN)1552-5279.research-advances-EOAD				https://leads-study.medicine.iu.edu/						other									All four required fields confirmed from draft output which aligns with curated metadata and additional pages. Coarse and granular data modalities, diseases, and sample size match draft exactly. Publication URLs extracted from LEADS Publications page (bibliography link and Alzheimer's & Dementia special issue). No dataset access URLs found on provided pages. Primary Aims page confirms study focus on EOAD and EOnonAD with detailed biomarker collection protocols.																																																																																																																																																																																																															
Clinical, Imaging	Structural MRI, fMRI, DTI, PET, Clinical data, Connectome analysis	Alzheimer's disease, Mild Cognitive Impairment, Normal Controls	300 participants (ages 55+)	http://dx.doi.org/10.3233/JAD-160537	https://www.ncbi.nlm.nih.gov/pubmed/27567874	http://dx.doi.org/10.1016/j.neurobiolaging.2016.03.026	https://www.ncbi.nlm.nih.gov/pubmed/27255817		https://www.humanconnectome.org/study/alzheimers-disease-connectome-project						other									All four required fields and publication_urls derived from draft output, which provided explicit and comprehensive evidence for ADCP. No additional pages were fetched to enrich or correct the draft. Sample size includes age range specification from draft. Dataset URLs remain empty as none were identified in draft or additional sources.																						http://dx.doi.org/10.3389/fnagi.2016.00110	https://www.ncbi.nlm.nih.gov/pubmed/27242519	http://dx.doi.org/10.3389/fnagi.2015.00237	https://www.ncbi.nlm.nih.gov/pubmed/26733864	http://dx.doi.org/10.1002/mrm.25674	https://www.ncbi.nlm.nih.gov/pubmed/25885265	http://dx.doi.org/10.1089/brain.2014.0286	https://www.ncbi.nlm.nih.gov/pubmed/25183440	http://dx.doi.org/10.1016/j.neuroimage.2013.05.099	https://www.ncbi.nlm.nih.gov/pubmed/23747458	http://dx.doi.org/10.1371/journal.pone.0049847	https://www.ncbi.nlm.nih.gov/pubmed/23227153	http://dx.doi.org/10.1016/j.neuroimage.2011.12.052	https://www.ncbi.nlm.nih.gov/pubmed/22227886	http://dx.doi.org/10.3233/JAD-2011-0010																																																																																																																																																																											https://www.ncbi.nlm.nih.gov/pubmed/21971457
Imaging, Clinical	DTI, fMRI, Structural MRI, Clinical data, Connectome analysis	Alzheimer's Disease, Mild Cognitive Impairment	300 participants						https://www.nitrc.org/projects/adcp/						other									The curated metadata provides explicit information for all required fields. The additional pages (NITRC index, search error, and contact pages) are generic NITRC infrastructure pages that do not contain specific information about the Alzheimer's Disease Connectome Project (ADCP). Therefore, all verified values are drawn from the curated metadata: coarse and granular data modalities match the metadata exactly, diseases include AD and MCI (normal controls excluded as they are not a disease), and sample size is 300 participants as stated. No publication or dataset URLs were found in any source.																																																																																																																																																																																																															
Clinical	Clinical assessments, Cognitive testing, Neuropathology, Demographic data	Alzheimer's disease, Vascular dementia, Cognitive impairment but not demented (CIND)	2857 participants	https://doi.org/10.7826/SODP5728	https://hrs.isr.umich.edu/publications/biblio/5761			https://hrsdata.isr.umich.edu/data-products/aging-demographics-and-memory-study-adams-wave-d	https://hrsdata.isr.umich.edu/data-products/aging-demographics-and-memory-study-adams-wave-d						other									Coarse and granular data modalities, diseases, and publication/dataset URLs confirmed from draft output. Sample size corrected from draft (288 selected/217 completed) to curated metadata value (2857 participants) which represents the full study population across all waves; draft appears to reference only Wave D subset. No additional pages provided to further enrich extraction.																																																																																																																																																																																																															
Clinical	Clinical assessments, Neuropathology, Cognitive testing, Demographic data	Alzheimer's Disease, Vascular Dementia, Normal Controls	2857 participants						https://hrs.isr.umich.edu/data-products/adams						other									coarse_data_modality, granular_data_modality, and sample_size confirmed from draft; diseases_included extended from curated metadata to include Normal Controls which was present in the original curation but omitted from draft output; no additional pages provided to enrich publication or dataset URLs.																																																																																																																																																																																																															
Metabolomics, Clinical	Metabolomics, UPLC-MS/MS, Blood biomarkers	Alzheimer's Disease, Mild Cognitive Impairment	578 samples						https://adknowledgeportal.synapse.org/Explore/Studies/DetailsPage/StudyDetails?Study=syn31513378						other									All four required fields verified from draft output which aligns with curated metadata; no additional pages were fetched to extend or correct the information. Draft provides explicit evidence for coarse/granular modalities (Metabolomics, UPLC-MS/MS, Blood biomarkers), diseases (Alzheimer's Disease, Mild Cognitive Impairment), and sample size (578 samples). No publication or dataset URLs found in draft or additional sources.																																																																																																																																																																																																															
Clinical, Metabolomics	Clinical assessments, UPLC-MS/MS metabolomics	Alzheimer's Disease, Mild Cognitive Impairment	578 samples						https://adni.loni.usc.edu/						other									All four required fields match the draft output exactly. The draft provided comprehensive and accurate information: coarse_data_modality and granular_data_modality are confirmed by the news page mentioning 'ADMC U Hawaii UPLC-MS/MS Gut Metabolites' and the biofluid biomarker page describing metabolomics and clinical data collection; diseases_included are confirmed by the study cohort information page describing MCI and dementia/AD cohorts; sample_size of 578 samples is stated in the curated metadata and not contradicted by additional pages. No publication or dataset URLs were found in the additional pages provided.																																																																																																																																																																																																															
Metabolomics, Clinical	UPLC-MS/MS, Blood biomarkers	Alzheimer's Disease, Mild Cognitive Impairment	na						https://discover.alzheimersdata.org/catalogue/datasets/20da65ab-f121-45d7-bb6f-51092e16fc44						other									coarse_data_modality: +.+ -- HTML confirms 'Metabolomics' keyword and describes measurement of serum samples using UPLC-MS/MS; Clinical data implied through ADNI cohort study design with participants aged 55-90. Curated metadata lists 'clinical, metabolomics' which aligns. -- granular_data_modality: +.+ -- HTML explicitly states 'ultra-performance liquid chromatography coupled to tandem mass spectrometry (UPLC-MS/MS)' and 'serum samples' (blood biomarkers). Curated metadata lists 'Clinical; Metabolomics; Blood biomarkers' which matches. -- diseases_included: +.+ -- HTML keywords include 'Alzheimer Disease' and description mentions 'patients with MCI and early AD', confirming Alzheimer's Disease and Mild Cognitive Impairment. Curated metadata matches. -- sample_size: -.- -- HTML does not specify the number of samples or participants. Curated metadata claims '578 samples' but this is not verifiable from the HTML provided. The page states 'Biospecimens of human serum (ADNI samples)' but no count is given. Returning 'na' as the sample size cannot be verified from this page. -- publication_urls: [] -- No publication URLs, DOIs, PMIDs, or PMCIDs found in the HTML. -- dataset_urls: [] -- No direct dataset URLs found in the HTML. The page mentions data is 'stored on the ADNI website within the Laboratory of Neuro Imaging (LONI)' and references 'URLs associated with each Synapse entity' but does not provide specific links on this page.																																																																																																																																																																																																															
na	na	na	na						https://doi.org/10.1101/2024.05.15.24307444						other									The HTML provided is a Cloudflare security verification page, not the actual study page content. It contains only a loading/verification message ('Performing security verification', 'Verification successful. Waiting for medrxiv.org to respond') with no study metadata, data modality information, disease details, sample size, or links to publications or datasets. Unable to verify any of the curated metadata fields against actual study content. A valid HTML page with study information is required to perform the sanity check.																																																																																																																																																																																																															
