model_name	version	mention_type	url	context_from_paper	source_url
multi-ancestry AD PRS		created	https://github.com/nkurniansyah/Alzheimer_PRS	Scripts used to perform analyses described in the paper and code to construct multi-ancestry AD PRS are available in the GitHub repository (https://github.com/nkurniansyah/Alzheimer_PRS)	https://www.ncbi.nlm.nih.gov/pmc/articles/PMC12486013/
MSigDB	v.7.3	used	https://www.gsea-msigdb.org/gsea/msigdb/human/collections.jsp	Canonical pathway gene sets were obtained from MSigDB (v.7.3; https://www.gsea-msigdb.org/gsea/msigdb/human/collections.jsp)	https://www.ncbi.nlm.nih.gov/pmc/articles/PMC13347950/
STRING	v.11.5	used	https://string-db.org/cgi/download	Human physical PPIs were downloaded from STRING https://www.gsea-msigdb.org/gsea/msigdb/human/collections.jsp (v.11.5; https://string-db.org/cgi/download)	https://www.ncbi.nlm.nih.gov/pmc/articles/PMC13347950/
HuRI		used	http://www.interactome-atlas.org/download	Human physical PPIs were downloaded from STRING https://www.gsea-msigdb.org/gsea/msigdb/human/collections.jsp (v.11.5; https://string-db.org/cgi/download), HuRI (https://string-db.org/cgi/download http://www.interactome-atlas.org/download: last accessed in January 2022)	https://www.ncbi.nlm.nih.gov/pmc/articles/PMC13347950/
inBio Map		used	https://www.intomics.com/inbio/map	and inBio Map (https://www.intomics.com/inbio/map: last accessed in January 2022) databases	https://www.ncbi.nlm.nih.gov/pmc/articles/PMC13347950/
TransposeNet		used		TransposeNet's humanized α-synuclein-, β-amyloid-, and TDP-43-modifier networks were obtained from our prior study.	https://www.ncbi.nlm.nih.gov/pmc/articles/PMC13347950/
GTEx	v.8	used	https://www.gtexportal.org/	Bulk expression data in TPM format from different human tissues were downloaded from the GTEx (v.8; https://www.gtexportal.org/)	https://www.ncbi.nlm.nih.gov/pmc/articles/PMC13347950/
DepMap	2023Q2	used	https://depmap.org/portal/data_page/?tab=allData	and gene dependency data in different cell lines were downloaded from DepMap (release: 2023Q2; https://depmap.org/portal/data_page/?tab=allData)	https://www.ncbi.nlm.nih.gov/pmc/articles/PMC13347950/
NERINE		created	https://github.com/snz20/NERINE	NERINE's source code is available on GitHub (https://github.com/snz20/NERINE) and Zenodo (https://github.com/snz20/NERINE https://doi.org/10.5281/zenodo.19209293)	https://www.ncbi.nlm.nih.gov/pmc/articles/PMC13347950/
RVTT		used	https://github.com/snz20/RVTT	RVTT was run by adapting the code from https://github.com/snz20/RVTT (Zenodo, https://doi.org/10.5281/zenodo.10627549)	https://www.ncbi.nlm.nih.gov/pmc/articles/PMC13347950/
MAGeCK	v.0.5.9.2	used		MAGeCK-iNC analysis was performed using the MAGeCK (v.0.5.9.2) package on python (v.2.7)	https://www.ncbi.nlm.nih.gov/pmc/articles/PMC13347950/
GSEApy	v.1.1.3	used		GO gene set enrichment analysis was performed using GSEApy (v.1.1.3) on python (v.3.12.4)	https://www.ncbi.nlm.nih.gov/pmc/articles/PMC13347950/
karlsson_synthetic_taupet		created	https://github.com/DeMONLab-BioFINDER/karlsson_synthetic_taupet	The code and model will be made available at https://github.com/DeMONLab-BioFINDER/karlsson_synthetic_taupet	https://www.ncbi.nlm.nih.gov/pmc/articles/PMC13174752/
MLNI	v0.1.2 and v0.1.5	used	https://github.com/anbai106/mlni	MLNI   (v0.1.2 and v0.1.5):   89  89  https://github.com/anbai106/mlni  , MRIBAG generation	https://www.ncbi.nlm.nih.gov/pmc/articles/PMC12265779/
FUMA	v1.5.0	used	https://fuma.ctglab.nl/	FUMA (v1.5.0):   https://fuma.ctglab.nl/  , Gene mapping, genomic locus annotation	https://www.ncbi.nlm.nih.gov/pmc/articles/PMC12265779/
GCTA	v1.94.1	used	https://yanglab.westlake.edu.cn/software/gcta/#Overview	GCTA (v1.94.1):   https://yanglab.westlake.edu.cn/software/gcta/#Overview  , fastGWA	https://www.ncbi.nlm.nih.gov/pmc/articles/PMC12265779/
LDSC	git version aa33296	used	https://github.com/bulik/ldsc	LDSC (git version aa33296):   https://github.com/bulik/ldsc  , genetic correlation	https://www.ncbi.nlm.nih.gov/pmc/articles/PMC12265779/
TwoSampleMR	v0.5.6	used	https://mrcieu.github.io/TwoSampleMR/index.html	TwoSampleMR (v0.5.6):   https://mrcieu.github.io/TwoSampleMR/index.html  , Mendelian randomization	https://www.ncbi.nlm.nih.gov/pmc/articles/PMC12265779/
PRScs	release date: Aug 10, 2023	used	https://github.com/getian107/PRScs	PRScs (release date: Aug 10, 2023):   https://github.com/getian107/PRScs  , PRS calculation	https://www.ncbi.nlm.nih.gov/pmc/articles/PMC12265779/
Lifelines	v0.27.8	used	https://lifelines.readthedocs.io/en/latest/	Lifelines (v0.27.8):   https://lifelines.readthedocs.io/en/latest/  , Survival analysis	https://www.ncbi.nlm.nih.gov/pmc/articles/PMC12265779/
String	V12.0	used	https://string-db.org/	String (V12.0):   https://string-db.org/  , protein analyses	https://www.ncbi.nlm.nih.gov/pmc/articles/PMC12265779/
coloc	v5	used	https://github.com/chr1swallace/coloc	coloc (v5):   https://github.com/chr1swallace/coloc  ; Bayesian colocalization	https://www.ncbi.nlm.nih.gov/pmc/articles/PMC12265779/
GAMLSS		used		Code for out-of-sample data alignment, obtaining centile curves, and fitting the GAMLSS models is available in a containerized Docker image that is downloadable at https://zenodo.org/records/15367426.	https://www.ncbi.nlm.nih.gov/pmc/articles/PMC12247954/
Computational Anatomy Toolbox (CAT12)		used	https://github.com/ChristianGaser/cat12	The Computational Anatomy Toolbox (CAT12) used for MRI preprocessing is available at: https://github.com/ChristianGaser/cat12	https://www.ncbi.nlm.nih.gov/pmc/articles/PMC13409254/
BrainAGE		used	https://github.com/ChristianGaser/BrainAGE	The code used to generate https://github.com/ChristianGaser/cat12 BrainAGE is available at: https://github.com/ChristianGaser/BrainAGE	https://www.ncbi.nlm.nih.gov/pmc/articles/PMC13409254/
brms		used		The corresponding R code for brms models is available upon reasonable request to the corresponding author.	https://www.ncbi.nlm.nih.gov/pmc/articles/PMC10619155/
ProtAIDe-Dx		created		Code for the ProtAIDe-Dx model development/evaluation/biological annotations can be found at [GitHub link].	https://www.ncbi.nlm.nih.gov/pmc/articles/PMC12236936/
PEACOK	1.0.7	used	https://github.com/astrazeneca-cgr-publications/PEACOK/	Primary genetic association tests were performed using PEACOK (version 1.0.7). PEACOK 1.0.7 is available on Zenodo (https://doi.org/10.5281/zenodo.7097303) and GitHub (https://github.com/astrazeneca-cgr-publications/PEACOK/).	https://www.ncbi.nlm.nih.gov/pmc/articles/PMC12124131/
TensorQTL		used		xQTL analysis protocol and documentation: A comprehensive, web-based protocol describing the full xQTL analysis framework, including data preprocessing, reference data generation, TensorQTL association testing, fine-mapping and harmonization, with step-by-step guidance and links to executable workflows.	https://www.ncbi.nlm.nih.gov/pmc/articles/PMC13308301/
Leafcutter		used		Alternative splicing QTL preprocessing pipeline: A workflow for quantifying and processing splicing variation from RNA-seq data, including intron clustering (e.g., via Leafcutter), filtering, normalization, and formatting into analysis-ready matrices for downstream sQTL mapping.	https://www.ncbi.nlm.nih.gov/pmc/articles/PMC13308301/
Elastic Net		created		The repository contains the trained Elastic Net model (six_gene_model.pkl)	https://www.ncbi.nlm.nih.gov/pmc/articles/PMC13360218/
Susceptible-Infectious-Recovery model		used	https://github.com/DeMONLab-BioFINDER/Xiao_Tau_simulation_SIR	Scripts for the revised Susceptible-Infectious-Recovery model can be found at https://github.com/DeMONLab-BioFINDER/Xiao_Tau_simulation_SIR	https://www.ncbi.nlm.nih.gov/pmc/articles/PMC13042161/
SuStaIn algorithm		used	https://github.com/ucl-pond	Implementations of the SuStaIn algorithm are available on the UCL-POND GitHub page: https://github.com/ucl-pond	https://www.ncbi.nlm.nih.gov/pmc/articles/PMC13042161/
GAMLSS model		used	https://github.com/brainchart/Lifespan	We generated the models using the GAMLSS model code in https://github.com/brainchart/Lifespan	https://www.ncbi.nlm.nih.gov/pmc/articles/PMC12330520/
MULTIRF		created	https://github.com/novawz/multiRF	The MULTIRF R package is available at https://github.com/novawz/multiRF	https://www.ncbi.nlm.nih.gov/pmc/articles/PMC13320980/
multiRF-cluster		created	https://github.com/TransBioInfoLab/multiRF-cluster	Analysis scripts to reproduce all results in this paper are available at https://github.com/novawz/multiRF https://github.com/TransBioInfoLab/multiRF-cluster	https://www.ncbi.nlm.nih.gov/pmc/articles/PMC13320980/
PLINK 2		used		We used publicly available software for all analyses in this study. This included PLINK 2, BOLT-LMM (v.2.5), Regenie, and GWAMA (v.1.2.6), perform sex-stratified GWAS	https://www.ncbi.nlm.nih.gov/pmc/articles/PMC12636628/
BOLT-LMM	v.2.5	used		This included PLINK 2, BOLT-LMM (v.2.5), Regenie, and GWAMA (v.1.2.6), perform sex-stratified GWAS	https://www.ncbi.nlm.nih.gov/pmc/articles/PMC12636628/
Regenie		used		This included PLINK 2, BOLT-LMM (v.2.5), Regenie, and GWAMA (v.1.2.6), perform sex-stratified GWAS	https://www.ncbi.nlm.nih.gov/pmc/articles/PMC12636628/
GWAMA	v.1.2.6	used		This included PLINK 2, BOLT-LMM (v.2.5), Regenie, and GWAMA (v.1.2.6), perform sex-stratified GWAS	https://www.ncbi.nlm.nih.gov/pmc/articles/PMC12636628/
LDSC	v.2.0.0	used		LDSC (v.2.0.0) to format summary statistics	https://www.ncbi.nlm.nih.gov/pmc/articles/PMC12636628/
FUSION		used		and FUSION for PWAS	https://www.ncbi.nlm.nih.gov/pmc/articles/PMC12636628/
VEP	release 114	used		Variant annotation was performed using VEP release 114	https://www.ncbi.nlm.nih.gov/pmc/articles/PMC12636628/
SMR	v.1.4.0	used		SMR (v.1.4.0) was used to perform SMR and HEIDI analyses	https://www.ncbi.nlm.nih.gov/pmc/articles/PMC12636628/
coloc	v.4.2.1	used		and coloc (v.4.2.1) R package to perform colocalization	https://www.ncbi.nlm.nih.gov/pmc/articles/PMC12636628/
locuszoomr	v.0.3.8	used		locuszoomr (v.0.3.8), locuscomparer (v.1.0.0), and ggplot2 (v.3.5.2) were used to create locus zoom, locus compare, and multi-tag locus plots	https://www.ncbi.nlm.nih.gov/pmc/articles/PMC12636628/
locuscomparer	v.1.0.0	used		locuszoomr (v.0.3.8), locuscomparer (v.1.0.0), and ggplot2 (v.3.5.2) were used to create locus zoom, locus compare, and multi-tag locus plots	https://www.ncbi.nlm.nih.gov/pmc/articles/PMC12636628/
ggplot2	v.3.5.2	used		locuszoomr (v.0.3.8), locuscomparer (v.1.0.0), and ggplot2 (v.3.5.2) were used to create locus zoom, locus compare, and multi-tag locus plots	https://www.ncbi.nlm.nih.gov/pmc/articles/PMC12636628/
clusterProfiler	v.4.12.6	used		Enrichment analyses and associated figure generation was performed using clusterProfiler (v.4.12.6), org.Hs.eg.db (v.3.21.0), simplifyEnrichment (v.1.14.1), HGNChelper (v.0.8.14), and ComplexHeatmap (v.2.20.0) R packages	https://www.ncbi.nlm.nih.gov/pmc/articles/PMC12636628/
org.Hs.eg.db	v.3.21.0	used		Enrichment analyses and associated figure generation was performed using clusterProfiler (v.4.12.6), org.Hs.eg.db (v.3.21.0), simplifyEnrichment (v.1.14.1), HGNChelper (v.0.8.14), and ComplexHeatmap (v.2.20.0) R packages	https://www.ncbi.nlm.nih.gov/pmc/articles/PMC12636628/
simplifyEnrichment	v.1.14.1	used		Enrichment analyses and associated figure generation was performed using clusterProfiler (v.4.12.6), org.Hs.eg.db (v.3.21.0), simplifyEnrichment (v.1.14.1), HGNChelper (v.0.8.14), and ComplexHeatmap (v.2.20.0) R packages	https://www.ncbi.nlm.nih.gov/pmc/articles/PMC12636628/
HGNChelper	v.0.8.14	used		Enrichment analyses and associated figure generation was performed using clusterProfiler (v.4.12.6), org.Hs.eg.db (v.3.21.0), simplifyEnrichment (v.1.14.1), HGNChelper (v.0.8.14), and ComplexHeatmap (v.2.20.0) R packages	https://www.ncbi.nlm.nih.gov/pmc/articles/PMC12636628/
ComplexHeatmap	v.2.20.0	used		Enrichment analyses and associated figure generation was performed using clusterProfiler (v.4.12.6), org.Hs.eg.db (v.3.21.0), simplifyEnrichment (v.1.14.1), HGNChelper (v.0.8.14), and ComplexHeatmap (v.2.20.0) R packages	https://www.ncbi.nlm.nih.gov/pmc/articles/PMC12636628/
cowplot	v.1.2.0	used		Other figures utilized cowplot (v.1.2.0), scales (v.1.	https://www.ncbi.nlm.nih.gov/pmc/articles/PMC12636628/
Enformer	1	used	https://tfhub.dev/deepmind/enformer/1	We load the Enformer model from https://tfhub.dev/deepmind/enformer/1 and use model.predict_on_batch to make predictions.	https://www.ncbi.nlm.nih.gov/pmc/articles/PMC13345963/
RobustRankAggreg	1.2	used		The Python implementations of the Stuart rank aggregation and RRA algorithms were adapted from the RobustRankAggreg R package (version 1.2; Kolde & Laur)	https://www.ncbi.nlm.nih.gov/pmc/articles/PMC13155123/
lme4	1.1.27.1	used		To measure the effects of age on gene expression in the brain, we used a mixed-effects model as implemented in lme4 version 1.1.27.1	https://www.ncbi.nlm.nih.gov/pmc/articles/PMC10980014/
fgsea	1.14.0	used		"To perform Gene Set Enrichment Analysis, we used the R package ""fgsea"" version 1.14.0 using the Reactome 2022 library from Enrichr as the reference set of pathways."	https://www.ncbi.nlm.nih.gov/pmc/articles/PMC10980014/
Seurat	4.0.4	used		we applied Seurat version 4.0.4's implementations for log-normalizing the data, detecting highly variable features, and standard scaling the data.	https://www.ncbi.nlm.nih.gov/pmc/articles/PMC10980014/
Harmony	0.1	used		After applying PCA, we used Harmony version 0.1 to correct for the effects of sex, individual, sequencing batch and post-mortem interval in our data.	https://www.ncbi.nlm.nih.gov/pmc/articles/PMC10980014/
Scrublet		used		We further applied Scrublet to predict and remove doublet cells from the population as implemented in Scanpy version 1.8.2.	https://www.ncbi.nlm.nih.gov/pmc/articles/PMC10980014/
Scanpy	1.8.2	used		We further applied Scrublet to predict and remove doublet cells from the population as implemented in Scanpy version 1.8.2.	https://www.ncbi.nlm.nih.gov/pmc/articles/PMC10980014/
MAST		used		We subsequently applied MAST as implemented in Seurat to determine the differentially expressed genes between Alzheimer's disease-enriched clusters and the remaining sub-clusters within a given cell type.	https://www.ncbi.nlm.nih.gov/pmc/articles/PMC10980014/
gProfiler		used		We used gProfiler with the g_SCS multiple hypothesis correction to identify significant gene ontology terms using Drosophila pathways as a reference.	https://www.ncbi.nlm.nih.gov/pmc/articles/PMC10980014/
PiuMet		used		We used PiuMet to map unannotated m/z peaks in the metabolomic data to known compounds.	https://www.ncbi.nlm.nih.gov/pmc/articles/PMC10980014/
TopHat	2.0	used		The RNA-sequencing data was aligned to the human genome reference sequence hg19 using TopHat v2.0 and Cufflinks v1.3.0.	https://www.ncbi.nlm.nih.gov/pmc/articles/PMC10980014/
Cufflinks	1.3.0	used		The RNA-sequencing data was aligned to the human genome reference sequence hg19 using TopHat v2.0 and Cufflinks v1.3.0.	https://www.ncbi.nlm.nih.gov/pmc/articles/PMC10980014/
FASTQC		used		To measure RNA-sequencing quality control, we used FASTQC and RNA-SeQC.	https://www.ncbi.nlm.nih.gov/pmc/articles/PMC10980014/
RNA-SeQC		used		To measure RNA-sequencing quality control, we used FASTQC and RNA-SeQC.	https://www.ncbi.nlm.nih.gov/pmc/articles/PMC10980014/
PLINK2	1.9beta	used		We applied PLINK2 (v1.9beta) and in house scripts to perform rigorous subject and SNP quality control (QC) for each dataset	https://www.ncbi.nlm.nih.gov/pmc/articles/PMC10980014/
EIGENSOFT		used		population substructure was tested by performing principal component analysis (PCA) using smartPCA in EIGENSOFT.	https://www.ncbi.nlm.nih.gov/pmc/articles/PMC10980014/
Eagle	2.3	used		Eagle v2.3 and Minimac3 were selected for phasing and imputing respectively	https://www.ncbi.nlm.nih.gov/pmc/articles/PMC10980014/
Minimac3		used		Eagle v2.3 and Minimac3 were selected for phasing and imputing respectively	https://www.ncbi.nlm.nih.gov/pmc/articles/PMC10980014/
Matrix EQTL		used		The eQTL mapping was conducted using R Package Matrix EQTL using the additive linear model on a high-performance Linux-based Orchestra cluster at Harvard Medical School.	https://www.ncbi.nlm.nih.gov/pmc/articles/PMC10980014/
METASOFT		used		We performed meta eQTL analysis using three separate effects model implemented in METASOFT	https://www.ncbi.nlm.nih.gov/pmc/articles/PMC10980014/
FIMO		used		we extracted the sequence 50 base pairs upstream and 50 base pairs downstream of the variant and used FIMO to detect the presence of an overlapping DNA-binding motif.	https://www.ncbi.nlm.nih.gov/pmc/articles/PMC10980014/
GSVA	1.42.0	used		we applied GSVA version 1.42.0 to the CPM-normalized temporal cortex pyramidal neuron RNA-seq to identify the REACTOME pathway enrichments per-sample.	https://www.ncbi.nlm.nih.gov/pmc/articles/PMC10980014/
OmicsIntegrator	2.3.10	used	https://github.com/fraenkel-lab/OmicsIntegrator2	we utilized the Prize-Collecting Steiner Forest algorithm (PCSF) as implemented in OmicsIntegrator 2 (O	https://www.ncbi.nlm.nih.gov/pmc/articles/PMC10980014/
GET		used	https://huggingface.co/spaces/get-foundation/getdemo	The transcription factor binding site on the target gene in excitatory neuron was identified by GET 67 , an interpretable foundation model designed to uncover regulatory grammars across 213 human fetal and adult cell types ( https://huggingface.co/spaces/get-foundation/getdemo ).	https://www.ncbi.nlm.nih.gov/pmc/articles/PMC12267417/
Uni-Mol	unimolv2	used	https://github.com/deepmodeling/Uni-Mol	"Pretrained transformers Uni-Mol 60 , ChemBERTa 61 , and MolT5 62 were used for drug embeddings. For internal validation, we followed the RCL work for dividing training set and test set, where all drugs in the test set were unseen during training. For external validation, we used the same training set and test set as shown in Figure 1B . Code implementation: Uni-Mol (default 768 dimensional embeddings, https://github.com/deepmodeling/Uni-Mol ). ""UniMolRepr"" function was used for generating representations. Hyperparameters: 'data_type': 'molecule', 'remove_hs': False, 'model_name': 'unimolv2', 'model_size': '84m'."	https://www.ncbi.nlm.nih.gov/pmc/articles/PMC13041732/
ChemBERTa	ChemBERTa-zinc-base-v1	used	https://huggingface.co/seyonec/ChemBERTa-zinc-base-v1	"Pretrained transformers Uni-Mol 60 , ChemBERTa 61 , and MolT5 62 were used for drug embeddings. For internal validation, we followed the RCL work for dividing training set and test set, where all drugs in the test set were unseen during training. For external validation, we used the same training set and test set as shown in Figure 1B . Code implementation: Uni-Mol (default 768 dimensional embeddings, https://github.com/deepmodeling/Uni-Mol ). ""UniMolRepr"" function was used for generating representations. Hyperparameters: 'data_type': 'molecule', 'remove_hs': False, 'model_name': 'unimolv2', 'model_size': '84m'. ChemBERTa (default 768 dimensional embeddings): Pretrained ChemBERTa tokenizer and model were downloaded from: https://huggingface.co/seyonec/ChemBERTa-zinc-base-v1 .""RobertaTokenizer"" and ""RobertaModel"" functions were used for generating representations with default built-in hyperparameters."	https://www.ncbi.nlm.nih.gov/pmc/articles/PMC13041732/
MolT5	molt5-small	used	https://huggingface.co/laituan245/molt5-small	"Pretrained transformers Uni-Mol 60 , ChemBERTa 61 , and MolT5 62 were used for drug embeddings. For internal validation, we followed the RCL work for dividing training set and test set, where all drugs in the test set were unseen during training. For external validation, we used the same training set and test set as shown in Figure 1B . Code implementation: Uni-Mol (default 768 dimensional embeddings, https://github.com/deepmodeling/Uni-Mol ). ""UniMolRepr"" function was used for generating representations. Hyperparameters: 'data_type': 'molecule', 'remove_hs': False, 'model_name': 'unimolv2', 'model_size': '84m'. ChemBERTa (default 768 dimensional embeddings): Pretrained ChemBERTa tokenizer and model were downloaded from: https://huggingface.co/seyonec/ChemBERTa-zinc-base-v1 .""RobertaTokenizer"" and ""RobertaModel"" functions were used for generating representations with default built-in hyperparameters. MolT5 (default 512 dimensional embeddings): Pretrained MolT5 tokenizer and model were downloaded from: https://huggingface.co/laituan245/molt5-small . ""T5Tokenizer"" and ""T5EncoderModel"" functions were used for generating representations with default built-in hyperparameters."	https://www.ncbi.nlm.nih.gov/pmc/articles/PMC13041732/
FerroScore		created	https://github.com/tjq3/FerroScore	FerroScore is publicly available as an R package. The benchmark, as well as source codes have been deposited at the GitHub repository (https://github.com/tjq3/FerroScore).	https://www.ncbi.nlm.nih.gov/pmc/articles/PMC13336637/
tranSMART		used		"Genome‐wide DNA methylation data for the 885 EMIF‐AD MBD samples are stored on an online data platform using the ""tranSMART"" data warehouse framework."	https://www.ncbi.nlm.nih.gov/pmc/articles/PMC11485320/
scMD		created	https://github.com/randel/scMD	scMD is publicly hosted on GitHub (https://github.com/randel/scMD).	https://www.ncbi.nlm.nih.gov/pmc/articles/PMC10418231/
EnsDeconv		created	https://github.com/randel/EnsDeconv	EnsDeconv (https://github.com/randel/EnsDeconv).	https://www.ncbi.nlm.nih.gov/pmc/articles/PMC10418231/
EpiSCORE		created	https://github.com/aet21/EpiSCORE	EpiSCORE (https://github.com/aet21/EpiSCORE).	https://www.ncbi.nlm.nih.gov/pmc/articles/PMC10418231/
ChromBPNet		used	https://github.com/kundajelab/ChromBPNet	"Training new models and generating DeepLIFT scores from:
  https://github.com/kundajelab/ChromBPNet"	https://www.ncbi.nlm.nih.gov/pmc/articles/PMC13335522/
TF-MoDISco		used	https://github.com/kundajelab/tfmodisco	Running TF-MoDISco from:   https://github.com/kundajelab/tfmodisco	https://www.ncbi.nlm.nih.gov/pmc/articles/PMC13335522/
FLARE		used	https://github.com/drewmard/FLARE	Training FLARE models for variant scoring:   https://github.com/drewmard/FLARE	https://www.ncbi.nlm.nih.gov/pmc/articles/PMC13335522/
BaySeq-Y		created	https://github.com/zdz-lab/BaySeq-Y	All code required to reproduce the results reported in this study and to apply BaySeq-Y to new datasets is available at GitHub (https://github.com/zdz-lab/BaySeq-Y). BaySeq-Y is implemented in R using the rjags package for Markov chain Monte Carlo (MCMC)-based Bayesian inference.	https://www.ncbi.nlm.nih.gov/pmc/articles/PMC13345008/
disease classification model M1		created	http://doi.org/10.5281/zenodo.XXXXXX	R code for disease classification model M1 will be available at Supplementary Materials http://doi.org/10.5281/zenodo.XXXXXX after publication.	https://www.ncbi.nlm.nih.gov/pmc/articles/PMC12458623/
Canonical HMM		created	https://github.com/OHBA-analysis/Canonical-HMM-Networks	Code and examples scripts for processing M/EEG data and applying the canonical HMM have been made publicly available here: Section 2.1 https://github.com/OHBA-analysis/Canonical-HMM-Networks.	https://www.ncbi.nlm.nih.gov/pmc/articles/PMC13045528/
MONAI Generative Models		used	https://github.com/Project-MONAI/GenerativeModels.git	Additionally to this repository, the MONAI Generative Models package must be installed from https://github.com/Project-MONAI/GenerativeModels.git	https://www.ncbi.nlm.nih.gov/pmc/articles/PMC11832365/
BrainAgeNext		created	https://github.com/FrancescoLR/BrainAgeNeXt	BrainAgeNext's code and its trained model are available at the following GitHub repository: https://github.com/FrancescoLR/BrainAgeNeXt	https://www.ncbi.nlm.nih.gov/pmc/articles/PMC12319810/
EdgeR		used		EdgeR was used to reprocess both the mouse and human RNA sequencing data.	https://www.ncbi.nlm.nih.gov/pmc/articles/PMC11384960/
ComplexHeatmap	v.2.21.0	used		The following R packages were used for data analysis: ComplexHeatmap (v.2.21.0), circlize (v.0.4.14), EnhancedVolcano (v.1.8.0), ggplot2 (v.3.4.3), and dplyr (v1.1.3) and Bioconductor (v.3.22) in Visual Studio Code.	https://www.ncbi.nlm.nih.gov/pmc/articles/PMC12670911/
circlize	v.0.4.14	used		The following R packages were used for data analysis: ComplexHeatmap (v.2.21.0), circlize (v.0.4.14), EnhancedVolcano (v.1.8.0), ggplot2 (v.3.4.3), and dplyr (v1.1.3) and Bioconductor (v.3.22) in Visual Studio Code.	https://www.ncbi.nlm.nih.gov/pmc/articles/PMC12670911/
EnhancedVolcano	v.1.8.0	used		The following R packages were used for data analysis: ComplexHeatmap (v.2.21.0), circlize (v.0.4.14), EnhancedVolcano (v.1.8.0), ggplot2 (v.3.4.3), and dplyr (v1.1.3) and Bioconductor (v.3.22) in Visual Studio Code.	https://www.ncbi.nlm.nih.gov/pmc/articles/PMC12670911/
ggplot2	v.3.4.3	used		The following R packages were used for data analysis: ComplexHeatmap (v.2.21.0), circlize (v.0.4.14), EnhancedVolcano (v.1.8.0), ggplot2 (v.3.4.3), and dplyr (v1.1.3) and Bioconductor (v.3.22) in Visual Studio Code.	https://www.ncbi.nlm.nih.gov/pmc/articles/PMC12670911/
dplyr	v1.1.3	used		The following R packages were used for data analysis: ComplexHeatmap (v.2.21.0), circlize (v.0.4.14), EnhancedVolcano (v.1.8.0), ggplot2 (v.3.4.3), and dplyr (v1.1.3) and Bioconductor (v.3.22) in Visual Studio Code.	https://www.ncbi.nlm.nih.gov/pmc/articles/PMC12670911/
Bioconductor	v.3.22	used	http://bioconductor.org/	The following R packages were used for data analysis: ComplexHeatmap (v.2.21.0), circlize (v.0.4.14), EnhancedVolcano (v.1.8.0), ggplot2 (v.3.4.3), and dplyr (v1.1.3) and Bioconductor (v.3.22) in Visual Studio Code.	https://www.ncbi.nlm.nih.gov/pmc/articles/PMC12670911/
WGCNA		used	https://horvath.genetics.ucla.edu/html/CoexpressionNetwork/Rpackages/WGCNA/	All analyses can be replicated using the standard WGCNA (https://horvath.genetics.ucla.edu/html/CoexpressionNetwork/Rpackages/WGCNA/) and Seurat (https://satijalab.org/seurat/index.html/) workflows and the specific parameters provided in the Method Details.	https://www.ncbi.nlm.nih.gov/pmc/articles/PMC11223975/
Seurat		used	https://satijalab.org/seurat/index.html/	All analyses can be replicated using the standard WGCNA (https://horvath.genetics.ucla.edu/html/CoexpressionNetwork/Rpackages/WGCNA/) and Seurat (https://satijalab.org/seurat/index.html/) workflows and the specific parameters provided in the Method Details.	https://www.ncbi.nlm.nih.gov/pmc/articles/PMC11223975/
GenoTools	10	used	https://github.com/GP2code/GenoTools	GenoTools version 10 (  https://gp2.org/  https://github.com/GP2code/GenoTools  ) was used for quality control, imputation, and ancestry prediction.	https://www.ncbi.nlm.nih.gov/pmc/articles/PMC12140525/
Surreal-GAN	v0.1.1	used	https://github.com/zhijian-yang/SurrealGAN	Surreal-GAN (v0.1.1):   https://github.com/zhijian-yang/SurrealGAN  , Disease heterogeneity analysis	https://www.ncbi.nlm.nih.gov/pmc/articles/PMC13440346/
MUSE	v3.1.0	used	https://github.com/CBICA/MUSE	MUSE (v3.1.0):   https://github.com/CBICA/MUSE  , RAVENS map extraction	https://www.ncbi.nlm.nih.gov/pmc/articles/PMC13440346/
SOPNMF	v0.0.4	used	https://github.com/anbai106/SOPNMF	SOPNMF (v0.0.4):   https://github.com/anbai106/SOPNMF  , Brain PSC extraction	https://www.ncbi.nlm.nih.gov/pmc/articles/PMC13440346/
ukbb_cardiac	git commit 2b6d637	used	https://github.com/baiwenjia/ukbb_cardiac	ukbb_cardiac (git commit 2b6d637):   https://github.com/baiwenjia/ukbb_cardiac  , Heart IDP extraction	https://www.ncbi.nlm.nih.gov/pmc/articles/PMC13440346/
FUMA	v1.5.0	used	https://fuma.ctglab.nl/	FUMA (v1.5.0):   https://fuma.ctglab.nl/  https://fuma.ctglab.nl/  ,   Gene mapping, genomic locus annotation	https://www.ncbi.nlm.nih.gov/pmc/articles/PMC13440346/
GCTA	v1.94.1	used	https://yanglab.westlake.edu.cn/software/gcta/#Overview	GCTA (v1.94.1):   https://yanglab.westlake.edu.cn/software/gcta/#Overview  , Heritability estimates & fastGWA	https://www.ncbi.nlm.nih.gov/pmc/articles/PMC13440346/
LDSC	git commit aa33296	used	https://github.com/bulik/ldsc	LDSC (git commit aa33296):   https://github.com/bulik/ldsc  , genetic correlation	https://www.ncbi.nlm.nih.gov/pmc/articles/PMC13440346/
TwoSampleMR	v0.5.6	used	https://mrcieu.github.io/TwoSampleMR/index.html	TwoSampleMR (v0.5.6):   https://mrcieu.github.io/TwoSampleMR/index.html  , Mendelian randomization	https://www.ncbi.nlm.nih.gov/pmc/articles/PMC13440346/
PRS-CS	release date: Aug 10, 2023	used	https://github.com/getian107/PRScs	PRS-CS (release date: Aug 10, 2023):   https://github.com/getian107/PRScs  , PRS calculation	https://www.ncbi.nlm.nih.gov/pmc/articles/PMC13440346/
SBayesS	v.2.0.5 beta	used	https://cnsgenomics.com/software/gctb/#Overview	SBayesS (v.2.0.5 beta):   https://cnsgenomics.com/software/gctb/#Overview  , the three key parameter estimates	https://www.ncbi.nlm.nih.gov/pmc/articles/PMC13440346/
Lifelines	v0.27.	used	https://lifelines.readthedocs.io/en/latest/	Lifelines (v0.27.):   https://lifelines.readthedocs.io/en/latest/  , Survival analysis	https://www.ncbi.nlm.nih.gov/pmc/articles/PMC13440346/
Statsmodels	0.13.2	used	https://www.statsmodels.org/stable/index.html	Statsmodels (0.13.2):   https://www.statsmodels.org/stable/index.html  , Medication prediction, BWAS, PWAS, and ProWAS	https://www.ncbi.nlm.nih.gov/pmc/articles/PMC13440346/
OmicVerse	v1.6.7	used	https://omicverse.readthedocs.io/en/latest/	OmicVerse (v1.6.7):   https://omicverse.readthedocs.io/en/latest/  ; Protein-protein interaction	https://www.ncbi.nlm.nih.gov/pmc/articles/PMC13440346/
SleepChart-R		used	https://github.com/anbai106/SleepChart	SleepChart-R: https://github.com/anbai106/SleepChart, customized R code for linking sleep duration and 23 BAGs	https://www.ncbi.nlm.nih.gov/pmc/articles/PMC13321099/
MLNI	v0.1.2	used	https://github.com/anbai106/mlni	MLNI (v0.1.2): https://github.com/anbai106/mlni, BAG generation	https://www.ncbi.nlm.nih.gov/pmc/articles/PMC13321099/
MGCV	v1.9.1	used	https://cran.r-project.org/web/packages/mgcv/index.html	MGCV (v1.9.1) with R v4.2.2: https://cran.r-project.org/web/packages/mgcv/index.html, core package for the GAM implementation.	https://www.ncbi.nlm.nih.gov/pmc/articles/PMC13321099/
GAMLSS	v5.4.22	used	https://www.gamlss.com/	GAMLSS (v5.4.22) with R v4.2.2: https://www.gamlss.com/; replicate the 9 sleep-BAG signals identified by the GAM modeling.	https://www.ncbi.nlm.nih.gov/pmc/articles/PMC13321099/
Lifelines	v0.27.8	used	https://lifelines.readthedocs.io/en/latest/	Lifelines (v0.27.8): https://lifelines.readthedocs.io/en/latest/, survival analysis	https://www.ncbi.nlm.nih.gov/pmc/articles/PMC13321099/
Lavaan	v0.6.19	used	https://lavaan.ugent.be/	Lavaan (v0.6.19): https://lavaan.ugent.be/, mediation analysis	https://www.ncbi.nlm.nih.gov/pmc/articles/PMC13321099/
String	v12.0	used	https://string-db.org/	String (v12.0): https://string-db.org/, protein set enrichment analyses and network analysis	https://www.ncbi.nlm.nih.gov/pmc/articles/PMC13321099/
MetaboAnalyst	v6.0	used	https://www.metaboanalyst.ca/	MetaboAnalyst (v6.0): https://www.metaboanalyst.ca/, metabolite enrichment analysis and network analysis	https://www.ncbi.nlm.nih.gov/pmc/articles/PMC13321099/
REGENIE	v4.1	used	https://rgcgithub.github.io/regenie/	REGENIE (v4.1): https://rgcgithub.github.io/regenie/, binary sleep GWASs (v4.1); FinnGen used v2.4.4 for their disease endpoints GWASs	https://www.ncbi.nlm.nih.gov/pmc/articles/PMC13321099/
LDSC	git version aa33296	used	https://github.com/bulik/ldsc	LDSC (git version aa33296): https://github.com/bulik/ldsc, genetic correlation	https://www.ncbi.nlm.nih.gov/pmc/articles/PMC13321099/
FUMA	v1.8.0	used	https://fuma.ctglab.nl/	FUMA (v1.8.0): https://fuma.ctglab.nl/, Gene mapping, genomic locus annotation	https://www.ncbi.nlm.nih.gov/pmc/articles/PMC13321099/
KING	v2.2.7	used	https://www.kingrelatedness.com/	KING (v.2.2.7): https://www.kingrelatedness.com/, Kinship-based inference for GWAS	https://www.ncbi.nlm.nih.gov/pmc/articles/PMC13321099/
ResNet18d	ra2_in1k	used	https://huggingface.co/timm/resnet18d.ra2_in1k	Hugging Face . ( 2025 ) ResNet18d . Available from: https://huggingface.co/timm/resnet18d.ra2_in1k	https://www.ncbi.nlm.nih.gov/pmc/articles/PMC13131495/
SPM12		used	https://www.fil.ion.ucl.ac.uk/spm/software/spm12/	SPM12 is available at for download at https://www.fil.ion.ucl.ac.uk/spm/software/spm12/	https://www.ncbi.nlm.nih.gov/pmc/articles/PMC13081919/
NiftyReg		used	https://github.com/KCL-BMEIS/niftyreg	NiftyReg is available on GitHub (https://www.fil.ion.ucl.ac.uk/spm/software/spm12/ https://github.com/KCL-BMEIS/niftyreg)	https://www.ncbi.nlm.nih.gov/pmc/articles/PMC13081919/
MCALT template		used		The minor modifications to SPM12 unified segmentation required to allow resumption of parameter estimation are available with the MCALT template.	https://www.ncbi.nlm.nih.gov/pmc/articles/PMC13081919/
Frangi filter		used	https://www.mathworks.com/matlabcentral/fileexchange/24409-hessian-based-Frangi-vesselness-filter	The Frangi filter implementation is available at https://github.com/KCL-BMEIS/niftyreg https://www.mathworks.com/matlabcentral/fileexchange/24409-hessian-based-Frangi-vesselness-filter	https://www.ncbi.nlm.nih.gov/pmc/articles/PMC13081919/
MoVUS		created	https://github.com/NIH-CARD/MoVUS	All code, including environment files with exact package versions, is available on GitHub under the Apache 2.0 license [ https://github.com/NIH-CARD/MoVUS ].	https://www.ncbi.nlm.nih.gov/pmc/articles/PMC12622068/
RETFound		created	https://github.com/rmaphoh/RETFound	The code used to train, fine-tune and evaluate RETFound from Y.Z. is available at https://github.com/rmaphoh/RETFound , which is based on PyTorch. All pre-trained model weights are available at https://huggingface.co/YukunZhou .	https://www.ncbi.nlm.nih.gov/pmc/articles/PMC13065816/
Stable Diffusion XL		used	https://huggingface.co/docs/diffusers/en/using-diffusers/sdxl	Stable Diffusion XL can be found at https://huggingface.co/docs/diffusers/en/using-diffusers/sdxl .	https://www.ncbi.nlm.nih.gov/pmc/articles/PMC13065816/
iSODA		used		SODA-light was forked as a lipidomics-only instance of iSODA, a multiomics data visualization and integration application developed on R 4.4.0.	https://www.ncbi.nlm.nih.gov/pmc/articles/PMC12552125/
SODA-light	0.2	used	https://github.com/CPM-Metabolomics-Lipidomics/soda-light	SODA-light version 0.2 was used for the generation of all figures in this manuscript.	https://www.ncbi.nlm.nih.gov/pmc/articles/PMC12552125/
RETFound		created	https://github.com/rmaphoh/RETFound_MAE	The training, fine-tuning, and evaluation code for RETFound, provided by Y.Z. and built on PyTorch, is available at https://github.com/rmaphoh/RETFound_MAE	https://www.ncbi.nlm.nih.gov/pmc/articles/PMC12548085/
DINOv2		used	https://github.com/HouQingshan/DINOv2	The corresponding code for DINOv2 is available at https://github.com/HouQingshan/DINOv2	https://www.ncbi.nlm.nih.gov/pmc/articles/PMC12548085/
vcftools	0.1.13	used		The analysis was performed using publicly available software as described in Methods: vcftools (0.1.13); bcftools (1.19); tabix; KING (2.3.0); Eigenstrat (6.1.4); PLINK 1.9; PLINK2; R (3.6 and 4.4); R package mediation (4.5.0).	https://www.ncbi.nlm.nih.gov/pmc/articles/PMC12152374/
bcftools	1.19	used		The analysis was performed using publicly available software as described in Methods: vcftools (0.1.13); bcftools (1.19); tabix; KING (2.3.0); Eigenstrat (6.1.4); PLINK 1.9; PLINK2; R (3.6 and 4.4); R package mediation (4.5.0).	https://www.ncbi.nlm.nih.gov/pmc/articles/PMC12152374/
tabix		used		The analysis was performed using publicly available software as described in Methods: vcftools (0.1.13); bcftools (1.19); tabix; KING (2.3.0); Eigenstrat (6.1.4); PLINK 1.9; PLINK2; R (3.6 and 4.4); R package mediation (4.5.0).	https://www.ncbi.nlm.nih.gov/pmc/articles/PMC12152374/
KING	2.3.0	used		The analysis was performed using publicly available software as described in Methods: vcftools (0.1.13); bcftools (1.19); tabix; KING (2.3.0); Eigenstrat (6.1.4); PLINK 1.9; PLINK2; R (3.6 and 4.4); R package mediation (4.5.0).	https://www.ncbi.nlm.nih.gov/pmc/articles/PMC12152374/
Eigenstrat	6.1.4	used		The analysis was performed using publicly available software as described in Methods: vcftools (0.1.13); bcftools (1.19); tabix; KING (2.3.0); Eigenstrat (6.1.4); PLINK 1.9; PLINK2; R (3.6 and 4.4); R package mediation (4.5.0).	https://www.ncbi.nlm.nih.gov/pmc/articles/PMC12152374/
PLINK	1.9	used		The analysis was performed using publicly available software as described in Methods: vcftools (0.1.13); bcftools (1.19); tabix; KING (2.3.0); Eigenstrat (6.1.4); PLINK 1.9; PLINK2; R (3.6 and 4.4); R package mediation (4.5.0).	https://www.ncbi.nlm.nih.gov/pmc/articles/PMC12152374/
PLINK2		used		The analysis was performed using publicly available software as described in Methods: vcftools (0.1.13); bcftools (1.19); tabix; KING (2.3.0); Eigenstrat (6.1.4); PLINK 1.9; PLINK2; R (3.6 and 4.4); R package mediation (4.5.0).	https://www.ncbi.nlm.nih.gov/pmc/articles/PMC12152374/
R	3.6 and 4.4	used		The analysis was performed using publicly available software as described in Methods: vcftools (0.1.13); bcftools (1.19); tabix; KING (2.3.0); Eigenstrat (6.1.4); PLINK 1.9; PLINK2; R (3.6 and 4.4); R package mediation (4.5.0).	https://www.ncbi.nlm.nih.gov/pmc/articles/PMC12152374/
mediation	4.5.0	used		The analysis was performed using publicly available software as described in Methods: vcftools (0.1.13); bcftools (1.19); tabix; KING (2.3.0); Eigenstrat (6.1.4); PLINK 1.9; PLINK2; R (3.6 and 4.4); R package mediation (4.5.0).	https://www.ncbi.nlm.nih.gov/pmc/articles/PMC12152374/
PhenoLinker		created	https://huggingface.co/spaces/Melland/PhenoLinker	Predictions and their corresponding in-silico explanations are available at https://huggingface.co/spaces/Melland/PhenoLinker	https://www.ncbi.nlm.nih.gov/pmc/articles/PMC11627200/
Fmriprep	23.0.1	used	https://fmriprep.org/en/23.0.1/	Fmriprep was used for preprocessing of the MRI data and is available here https://fmriprep.org/en/23.0.1/	https://www.ncbi.nlm.nih.gov/pmc/articles/PMC13142645/
nilearn		used	https://nilearn.github.io/stable/index.html	connectivity matrices were calculated with nilearn https://fmriprep.org/en/23.0.1/ https://nilearn.github.io/stable/index.html	https://www.ncbi.nlm.nih.gov/pmc/articles/PMC13142645/
neuroHarmonize		used	https://github.com/rpomponio/neuroHarmonize	Data was harmonized with https://nilearn.github.io/stable/index.html https://github.com/rpomponio/neuroHarmonize	https://www.ncbi.nlm.nih.gov/pmc/articles/PMC13142645/
scikit-learn		used	https://scikit-learn.org/stable/index.html	Machine learning age regression was calculated with scikit learn https://github.com/rpomponio/neuroHarmonize https://scikit-learn.org/stable/index.html	https://www.ncbi.nlm.nih.gov/pmc/articles/PMC13142645/
Optuna		used	https://hub.optuna.org/samplers/grid_search/	Optuna was used for gridsearch https://scikit-learn.org/stable/index.html https://hub.optuna.org/samplers/grid_search/	https://www.ncbi.nlm.nih.gov/pmc/articles/PMC13142645/
statsmodels		used	https://www.statsmodels.org/stable/index.html	statsmodels were used for statistical testing https://hub.optuna.org/samplers/grid_search/ https://www.statsmodels.org/stable/index.html	https://www.ncbi.nlm.nih.gov/pmc/articles/PMC13142645/
fMRIPrep	v23.2.2	used	https://fmriprep.org/en/23.2.2/	Preprocessing pipelines relied exclusively on publicly available BIDS-Apps: functional MRI Preprocessing (fMRIPrep) (v23.2.2, https://fmriprep.org/en/23.2.2/)	https://www.ncbi.nlm.nih.gov/pmc/articles/PMC12632960/
XCP-D	v0.7.4	used	https://xcp-d.readthedocs.io/en/0.7.4/	Preprocessing pipelines relied exclusively on publicly available BIDS-Apps: functional MRI Preprocessing (fMRIPrep) (v23.2.2, https://fmriprep.org/en/23.2.2/), XCP-D (v0.7.4, https://xcp-d.readthedocs.io/en/0.7.4/)	https://www.ncbi.nlm.nih.gov/pmc/articles/PMC12632960/
MRIQC	v24.1.0	used	https://mriqc.readthedocs.io/en/latest/	Preprocessing pipelines relied exclusively on publicly available BIDS-Apps: functional MRI Preprocessing (fMRIPrep) (v23.2.2, https://fmriprep.org/en/23.2.2/), XCP-D (v0.7.4, https://xcp-d.readthedocs.io/en/0.7.4/), and MRIQC (v24.1.0, https://mriqc.readthedocs.io/en/latest/)	https://www.ncbi.nlm.nih.gov/pmc/articles/PMC12632960/
FSL	v7.3.2	used	https://fsl.fmrib.ox.ac.uk/fsl/docs/	Preprocessing pipelines relied exclusively on publicly available BIDS-Apps: functional MRI Preprocessing (fMRIPrep) (v23.2.2, https://fmriprep.org/en/23.2.2/), XCP-D (v0.7.4, https://xcp-d.readthedocs.io/en/0.7.4/), and MRIQC (v24.1.0, https://mriqc.readthedocs.io/en/latest/) or common neuroimaging tools as FSL (v7.3.2, https://fsl.fmrib.ox.ac.uk/fsl/docs/)	https://www.ncbi.nlm.nih.gov/pmc/articles/PMC12632960/
REACT		used	https://github.com/ottaviadipasquale/react-fmri	REACT was implemented with the open-source react-fmri package, available at https://github.com/ottaviadipasquale/react-fmri	https://www.ncbi.nlm.nih.gov/pmc/articles/PMC12632960/
SVR		used		Custom scripts for brain-age modeling (SVR) and feature harmonization with ComBat were written for local execution	https://www.ncbi.nlm.nih.gov/pmc/articles/PMC12632960/
ComBat		used		Custom scripts for brain-age modeling (SVR) and feature harmonization with ComBat were written for local execution	https://www.ncbi.nlm.nih.gov/pmc/articles/PMC12632960/
GITIII		created	https://github.com/lugia-xiao/GITIII	GITIII is implemented in Python using PyTorch. The code and tutorial are available via GitHub at https://github.com/lugia-xiao/GITIII and via Zenodo at https://doi.org/10.5281/zenodo.17476318	https://www.ncbi.nlm.nih.gov/pmc/articles/PMC13417919/
PyTorch		used		GITIII is implemented in Python using PyTorch.	https://www.ncbi.nlm.nih.gov/pmc/articles/PMC13417919/
scMultiMap		created	https://github.com/ChangSuBiostats/scMultiMap	The R package that implements scMultiMap is available on Github: https://github.com/ChangSuBiostats/scMultiMap	https://www.ncbi.nlm.nih.gov/pmc/articles/PMC11463474/
BADGERS		created	https://github.com/qlu-lab/BADGERS	The BADGERS software is freely available at https://github.com/qlu-lab/BADGERS, copy archived at https://github.com/qlu-lab/BADGERS qlu-lab, 2024.	https://www.ncbi.nlm.nih.gov/pmc/articles/PMC11126309/
scvi-tools		used		In the future, the code is planned to be made available on the scvi-tools, with proper documentation, and tutorials.	https://www.ncbi.nlm.nih.gov/pmc/articles/PMC13131499/
ESM-2	esm2_t6_8M_UR50D	used	https://huggingface.co/facebook/esm2_t6_8M_UR50D	Every sequence was passed through the pretrained ESM-2 transformer (esm2_t6_8M_UR50D, 8 M parameters, available from https://huggingface.co/facebook/esm2_t6_8M_UR50D ).	https://www.ncbi.nlm.nih.gov/pmc/articles/PMC12424641/
ENIGMA MEG Pipeline		used	https://github.com/nih-megcore/enigma_MEG	Initial data processing was performed using the ENIGMA MEG Pipeline, available at https://github.com/nih-megcore/enigma_MEG	https://www.ncbi.nlm.nih.gov/pmc/articles/PMC12820802/
GAM-ComBat		used		Implementation of GAM-ComBat alone for data processed using the ENIGMA MEG Pipeline is available in the enigma_MEG github repository as enigma_harmonize.py.	https://www.ncbi.nlm.nih.gov/pmc/articles/PMC12820802/
All-MiniLM-L6-v2		used	https://huggingface.co/sentence-transformers/all-MiniLM-L6-v2	All-MiniLM-L6-v2. Hugging Face. 2021. Available from: https://huggingface.co/sentence-transformers/all-MiniLM-L6-v2	https://www.ncbi.nlm.nih.gov/pmc/articles/PMC12573878/
All-mpnet-base-v1		used	https://huggingface.co/sentence-transformers/all-mpnet-base-v1	All-mpnet-base-v1. Hugging Face. 2021. Available from: https://huggingface.co/sentence-transformers/all-mpnet-base-v1	https://www.ncbi.nlm.nih.gov/pmc/articles/PMC12573878/
MEG-GPT		created	https://github.com/OHBA-analysis/MEG-GPT	a PyTorch implementation of MEG-GPT is available here: https://github.com/OHBA-analysis/MEG-GPT	https://www.ncbi.nlm.nih.gov/pmc/articles/PMC13403652/
VQVNS		created	https://github.com/gmilab/VQVNS	All code for the machine learning model has been made publicly available on GitHub ( https://github.com/gmilab/VQVNS 102 ) and HuggingFace ( https://huggingface.co/hsuresh/vqvns ).	https://www.ncbi.nlm.nih.gov/pmc/articles/PMC13234157/
VQVNS		created	https://huggingface.co/hsuresh/vqvns	All code for the machine learning model has been made publicly available on GitHub ( https://github.com/gmilab/VQVNS 102 ) and HuggingFace ( https://huggingface.co/hsuresh/vqvns ).	https://www.ncbi.nlm.nih.gov/pmc/articles/PMC13234157/
BAMboozle		used		For human scRNA-seq data, BAM files were processed with BAMboozle  key resources table   to safeguard donor identities by masking donor-specific SNPs and insertions or deletions (indels), replacing them with reference genome sequences.	https://www.ncbi.nlm.nih.gov/pmc/articles/PMC12094688/
microglial MASHR		created	https://doi.org/10.5281/zenodo.18156902	The microglial MASHR models trained and used in this study are available on Zenodo: https://doi.org/10.5281/zenodo.18156902	https://www.ncbi.nlm.nih.gov/pmc/articles/PMC13193131/
MetImputBERT		created	https://github.com/Qiu-Shizheng/MetImputBERT/tree/master	MetImputBERT is available at GitHub: https://github.com/Qiu-Shizheng/MetImputBERT/tree/master	https://www.ncbi.nlm.nih.gov/pmc/articles/PMC12753303/
MaxToki		created	https://huggingface.co/theodoris-lab/MaxToki	The pretrained MaxToki models are available on Hugging Face Model Hub ( https://huggingface.co/theodoris-lab/MaxToki ).	https://www.ncbi.nlm.nih.gov/pmc/articles/PMC13060336/
polygenic score models	PGP000244	used	https://www.pgscatalog.org/	We downloaded the pre-trained polygenic score models characterized from our previous study from the PGS catalog (PGS Publication ID: PGP000244)	https://www.ncbi.nlm.nih.gov/pmc/articles/PMC13192582/
fsusieR		created	https://github.com/stephenslab/fsusieR	The fsusieR R package is available on GitHub at https://github.com/stephenslab/fsusieR	https://www.ncbi.nlm.nih.gov/pmc/articles/PMC12363973/
VCPA	1.1	used	http://www.niagads.org/VCPA/	VCPA 1.1 (http://www.niagads.org/VCPA/)	https://www.ncbi.nlm.nih.gov/pmc/articles/PMC12363973/
BWA-MEM	0.7.15	used	https://github.com/lh3/bwa/	BWA-MEM 0.7.15 (https://github.com/lh3/bwa/)	https://www.ncbi.nlm.nih.gov/pmc/articles/PMC12363973/
GATK	4.1.1	used	https://gatk.broadinstitute.org	GATK 4.1.1 (https://gatk.broadinstitute.org)	https://www.ncbi.nlm.nih.gov/pmc/articles/PMC12363973/
FastQC	0.12.1	used	http://www.bioinformatics.babraham.ac.uk/projects/fastqc/	FastQC 0.12.1 (http://www.bioinformatics.babraham.ac.uk/projects/fastqc/)	https://www.ncbi.nlm.nih.gov/pmc/articles/PMC12363973/
fastp	0.23.4	used	https://github.com/OpenGene/fastp/	fastp 0.23.4 (https://github.com/OpenGene/fastp/)	https://www.ncbi.nlm.nih.gov/pmc/articles/PMC12363973/
STAR	2.7.11b	used	https://github.com/alexdobin/STAR/	STAR 2.7.11b (https://github.com/alexdobin/STAR/)	https://www.ncbi.nlm.nih.gov/pmc/articles/PMC12363973/
WASP		used	https://github.com/bmvdgeijn/WASP/	WASP (https://github.com/bmvdgeijn/WASP/)	https://www.ncbi.nlm.nih.gov/pmc/articles/PMC12363973/
Picard	3.1.0	used	https://broadinstitute.github.io/picard/	Picard 3.1.0 (https://broadinstitute.github.io/picard/)	https://www.ncbi.nlm.nih.gov/pmc/articles/PMC12363973/
RNA-SeQC	2.4.2	used	https://github.com/getzlab/rnaseqc/	RNA-SeQC 2.4.2 (https://github.com/getzlab/rnaseqc/)	https://www.ncbi.nlm.nih.gov/pmc/articles/PMC12363973/
MACS2		used	https://github.com/macs3-project/MACS/	MACS2 (https://github.com/macs3-project/MACS/)	https://www.ncbi.nlm.nih.gov/pmc/articles/PMC12363973/
ComBat		used	https://github.com/epigenelabs/pyComBat/	ComBat (https://github.com/epigenelabs/pyComBat/)	https://www.ncbi.nlm.nih.gov/pmc/articles/PMC12363973/
PLINK	1.9	used	https://www.cog-genomics.org/plink/	PLINK 1.9 (https://www.cog-genomics.org/plink/)	https://www.ncbi.nlm.nih.gov/pmc/articles/PMC12363973/
TensorQTL	1.0.8	used	https://github.com/broadinstitute/tensorqtl/	TensorQTL 1.0.8 (https://github.com/broadinstitute/tensorqtl/)	https://www.ncbi.nlm.nih.gov/pmc/articles/PMC12363973/
sim1000G	1.40	used	https://github.com/adimitromanolakis/sim1000G	sim1000G 1.40 (https://github.com/adimitromanolakis/sim1000G)	https://www.ncbi.nlm.nih.gov/pmc/articles/PMC12363973/
WGBSSuite	0.4	used	https://github.com/SystemsGeneticsSG/WGBSSuite/	WGBSSuite 0.4 (https://github.com/SystemsGeneticsSG/WGBSSuite/)	https://www.ncbi.nlm.nih.gov/pmc/articles/PMC12363973/
SeqSIMLA		used	https://seqsimla.sourceforge.net/	SeqSIMLA (https://seqsimla.sourceforge.net/)	https://www.ncbi.nlm.nih.gov/pmc/articles/PMC12363973/
susieR	0.14.7	used	https://github.com/stephenslab/susieR/	susieR 0.14.7 (https://github.com/stephenslab/susieR/)	https://www.ncbi.nlm.nih.gov/pmc/articles/PMC12363973/
coloc	5.2.3	used	https://github.com/chr1swallace/coloc/	coloc 5.2.3 (https://github.com/chr1swallace/coloc/)	https://www.ncbi.nlm.nih.gov/pmc/articles/PMC12363973/
ashr	2.2–63	used	https://github.com/stephens999/ashr/	ashr 2.2–63 (https://github.com/stephens999/ashr/)	https://www.ncbi.nlm.nih.gov/pmc/articles/PMC12363973/
mixsqp	0.3.18	used	https://github.com/stephenslab/mixsqp/	mixsqp 0.3.18 (https://	https://www.ncbi.nlm.nih.gov/pmc/articles/PMC12363973/
Genal	1.5	used	https://github.com/CypRiv/genal	Genetic analyses including clumping, polygenic risk scoring and all Mendelian Randomization analyses were performed using the Genal 1.5 package in Python 3.9.1. The Genal package and associated code examples are publicly available at https://github.com/CypRiv/genal.	https://www.ncbi.nlm.nih.gov/pmc/articles/PMC13105117/
